hey yog fans ! check out the latest news from yog reporter imiya shokoohi __url__ __hashtag__yog __hashtag__van2010 __hashtag__olympics,3
innsbruck __num__ launches new winter youth olympic games emblem __url__ __hashtag__youtholympics,2
"hi yog followers ! check out my latest news story __url__ __hashtag__yogreporter __hashtag__kimyia ( error : focus ? , sport )",3
"kimiya shokoohi , yog reporter -sponsors host local youngsters - __url__ __hashtag__youtholympics",2
vancouver meets 10-year-old reporter __url__ __hashtag__van2010 __hashtag__olympics,2
phelps becomes youth olympic games ambassador __url__ __hashtag__phelps __hashtag__youtholympics,2
check out the latest article from yog reporter kimiya shokoohi youngest athletes feel pressure-free __url__ __hashtag__yog,3
sochi 's time fast approaching __url__ __hashtag__olympics __hashtag__yog,2
"womens hockey : a hit by kimiya shokoohi , yog reporter . __url__ __hashtag__yog __hashtag__vancouver2010",2
athlete takes his turn with the microphone __url__ by yog reporter kimiya shokoohi __hashtag__yog __hashtag__olympics,2
medal design competitions grand prize winner __url__ __hashtag__yog __hashtag__singapore2010,2
hi yog followers ! ! check out this cool pic __url__ __hashtag__yog,3
singapore __num__ unveils journey of the youth olympic flame torch design __url__ __hashtag__yog __hashtag__singapore2010,2
ioc launches young ambassador programme for the youth olympic games __url__ __hashtag__singapore2010,2
ioc president praises preparations for first youth olympic games in singapore __url__ __hashtag__yog,2
hey yog followers ! olympic.org has a new face to the cube ... http : //bit.ly/drzfnr,3
ioc announces yelena isinbayeva as youth olympic games ambassador __url__ __hashtag__yog __hashtag__singapore2010,2
"hello , my name is patricia freitas , im the young ambassador from brazil __url__ __hashtag__youtholympics",3
"meet wang kan , chinas young ambassador for singapore 2010 ! __url__ __hashtag__yog",3
[ press release ] singapore celebrates 99-day countdown to first-ever youth olympic games __url__ __hashtag__singapore2010,2
"meet chivinn chum , cambodias young ambassador for singapore __num__ __url__ __hashtag__singapore2010 __hashtag__yog",3
share what u think is the spirit of the youth olympics and u could be an official ioc photgrapher in singapore __num__ __url__,3
ioc announces line-up of sport stars supporting the first youth olympic games __url__ __hashtag__singapore2010,2
social media connecting the world to the youth olympic games __url__ __hashtag__singapore2010,2
: - ) happy olympic day ! __hashtag__june23 __hashtag__olympics,4
[ press release ] usain bolt joins star-studded list of youth olympic games ambassadors __url__ __hashtag__singapore2010,2
[ press release ] the best of us challenge participant wins trip to inaugural youth olympic games __url__ __hashtag__singapore2010,2
at __num__ days to the first ever youth olympics check out this video of usain bolt __url__ __hashtag__singapore2010 __hashtag__youtholympics,2
at __num__ days to the first ever youth olympics in singapore check out this interview of yelena isinbayeva __url__ __hashtag__singapore2010,2
at __num__ days to the 1st youth olympics check out this interview with michael phelps __url__ __hashtag__singapore2010,2
meet sophie mckinna ! ( uk ) she is on her way to the first ever summer youth olympic games __url__ __hashtag__singapore2010,3
"the youth olympic flame is lit in olympia , greece . __hashtag__singapore2010 __hashtag__youtholympics ? ?",5
"full video of the lighting ceremony in olympia , greece of the youth olympic flame __url__ __hashtag__singapore2010",2
meet the ambassadors of the youth olympic games ( video ) __url__ __hashtag__singapore2010,3
the youth olympic flame has arrived in berlin ! __hashtag__singapore2010 __hashtag__youtholympics,2
be an official photographer of the ioc at the youth olympics __num__ days left in this contest __url__ __hashtag__singapore2010 __hashtag__flickr,3
the youth olympic flame is in mexico city __url__ __hashtag__singapore2010 __hashtag__youtholympics,2
the youth olympic flame that will ignite the singapore __num__ youth olympic games has arrived in auckland . __num__ days to go __hashtag__youtholympics,5
meet the official mascots of the singapore __num__ summer youth olympics __url__ __hashtag__singapore2010 __hashtag__youtholympics,3
__num__ days to the opening of the youth olympics in singapore . usain bolt wants to know what is your dream playlist __url__,2
video : making of the first ever youth olympics medals __url__ __hashtag__singapore2010,2
video interview : yelena isinbayeva masterclass __url__ __hashtag__singapore2010 __hashtag__olympics,2
only __num__ days to the first ever summer youth olympics . follow __user__youtholympics and __user__singapore2010 to get latest news __hashtag__singapore2010,5
rt __user__singapore2010 : __url__ - shan wee arriving with the youth olympic flame ! __hashtag__singapore2010,1
rt __user__singapore2010 : be part of the journey of the olympic flame ! join the daily celebration this evening at nanyang poly ! __url__,1
lot 's of photos on flickr of the singapore __num__ youth olympics __url__ __hashtag__singapore2010 __user__singapore2010,2
meet the winner of the flickr photo competition for the youth olympic games ! __hashtag__singapore2010 __url__,3
the final countdown has begun ! __num__ days to the first ever youth olympics __url__ __hashtag__singapore2010,2
get all the background information on the youth olympics __url__,3
ioc youth olympic games flickr photo contest winner interview __url__ __hashtag__singapore2010,2
some great photos on singapore __num__ available here __url__ __hashtag__singapore2010,2
ill b tweeting there as well rt __user__usolympic : __num__ days until the 1st youth olympic games.keep updated by following __user__youtholympics __hashtag__singapore2010,5
rt __user__singapore2010 : follow the youth olympic flame live as it moves arnd singapore on our map : d ! __url__ __hashtag__singapore2010,2
check out this mini video game of the singapore __num__ youth olympics __url__ __hashtag__singapore2010,3
rt __user__roberts_luke the track and see what cutting . its really amazing to be part of this __hashtag__athlete __hashtag__singapore2010,5
rt __user__elinorthorogood 1st experience of a singapore style thunderstorm . quite impressed ! whacking out the waterproof trousers : d __hashtag__yogathlete,5
only three days to go to the 1st ever __user__youtholympics __url__ __hashtag__singapore2010,2
rt __user__graceleong : __user__singapore2010 __user__yod_2010 flame just passed by my house __hashtag__singapore2010,5
keep udapted on the youth olympics on facebook `` like '' __url__ __hashtag__singapore2010,3
keep updated on the singapore __num__ youth olympics by `` liking '' __url__ __hashtag__singapore2010,3
rt __user__zurahzahura : woooo yog ! look at her running with the torch : d __url__,3
behind the scene pics of the singapore __num__ youth olympic games main media center __url__ __hashtag__singapore2010,2
in singapore ? we will be doing some cool meetups . rt this __hashtag__singapore2010 __hashtag__freepins,5
singapore __num__ adopts new sport formats __hashtag__singapore2010 __url__,2
__num__ day to go to the singapore __num__ youth olympic games __hashtag__singapore2010,5
14-26 august __num__ watch the __user__youtholympics live on __url__ __hashtag__singapore2010,2
singapore 2010 : opening ceremony of the first ever youth olympics ! watch on __url__ 8:10pm singapore time __hashtag__singapore2010,3
video are you ready for the youth olympic games ? __url__ __hashtag__singapore2010,3
ioc president jacques rogge on the youth olympic games __url__ __hashtag__singapore2010,2
a buzz of culture and education for young athletes in singapore __url__ __hashtag__singapore2010,2
access photos of the youth olympic games on flickr __url__ __hashtag__singapore2010,2
__num__ hours to the opening ceremony of singapore __num__ youth olympic games . live broadcast on __url__ __hashtag__singapore2010,2
access high res photos of the singapore __num__ youth olympic games on flickr __url__ __hashtag__singapore2010,3
opening ceremony photos on flickr of the singapore __num__ summer youth olympic games __url__ __hashtag__singapore2010,2
[ press release ] first youth olympic games officially under way in singapore __url__ __hashtag__singapore2010,2
yog photos : japan 's yuka sato wins first ever gold medal of the youth olympic games __url__ __hashtag__singapore2010,2
got any photos of singapore __num__ youth olympic games ? share them on facebook __url__ __hashtag__prizes __hashtag__singapore2010,3
youth olympics : __num__ on __num__ basketball photos available on __url__ __hashtag__singapore2010,2
highlights of the singapore __num__ youth olympic games on youtube __url__ __hashtag__singapore2010,2
life of aaron barclay __url__ __hashtag__triathlon __hashtag__singapore2010,2
relive the singapore __num__ youth olympics opening ceremony on youtube __url__ __hashtag__singapore2010,2
watch the singapore __num__ youth olympic games live here __url__ __hashtag__singapore2010,3
check out youth olympic games young reporter nick olivier 's blog on the singapore __num__ opening ceremony __url__ __hashtag__singapore2010,3
callum ng is a young ambassador of singapore __num__ check out his blog __url__ __hashtag__singapore2010,3
florian is a young ambassador of the singapore __num__ games . check out his blog __url__ __hashtag__singapore2010,3
rt __user__angelaruggiero : heading to the yog village __num__ hang with athletes at cultural village . booths showcasing countries from around the world,5
"rt __user__luke_dufficy : just spoke wirth kevan gosper , olympic medallist about sport and media . really interesting . hanging off every word . __hashtag__yog",5
rt __user__ekennedy229 : congratulations kevin mcdowell for taking the silver in triathlon !,3
access photos of the singapore __num__ youth olympics __url__ __hashtag__singapore2010,2
now live on __url__ __hashtag__badminton __hashtag__taekwondo __hashtag__wrestling __hashtag__gymnastics __hashtag__singapore2010,2
how are you watching the singapore __num__ youth games ? share your pics here __url__ and win cool stuff __hashtag__singapore2010,3
singapore 2010 : live chat with champions __num__ august __num__ from 7pm singapore time __hashtag__sergeibubka __hashtag__yelenaisinbayeva __hashtag__singapore2010,2
live chat with champions __num__ august __num__ from 7pm singapore time __hashtag__sergeibubka __hashtag__yelenaisinbayeva __hashtag__singapore2010 __url__,2
bringing the world together in singapore __url__ __hashtag__singapore2010,2
young reporters offered remarkable experience __url__ __hashtag__singapore2010,2
watch live events of the singapore __num__ youth olympic games on __url__ __hashtag__singapore2010,3
now live on __url__ __hashtag__basketball __hashtag__weightlifing __hashtag__athletics __hashtag__gymnastics __hashtag__singapore2010,2
singapore 2010 : a live chat with champions yelena isinbaeva and sergey bubka tonight 19:00 - 20:00 singapore time on __url__,2
now live on the live singapore __num__ webcast __hashtag__taekwondo __hashtag__wrestling __hashtag__singapore2010 __url__,2
"now live from singapore __num__ __hashtag__taekwondo , __hashtag__wrestling , __hashtag__weightlifting , __hashtag__gymnastics __url__ __hashtag__singapore2010",2
access competition photos of the singapore __num__ youth olympic games __url__ __hashtag__singapore2010,2
live chat with champions yelena isinbaeva and sergey bubka tonight 19:00 - 20:00 singapore time on __url__ __hashtag__singapore2010,2
now,4
now live __url__ __hashtag__basketball __hashtag__weightlifting __hashtag__singapore2010,2
chat with champions - video on demand - __url__ sergey bubka and yelena isinbayeva __hashtag__singapore2010,2
check out the latest blog post from aaron barclay __hashtag__triathlon __url__ __hashtag__singapore2010,3
check out this blog from callum ng yog ambassador __url__ __hashtag__singapore2010,3
lucky trunks help chad claim gold __url__ __hashtag__singapore2010,2
share photos of the __hashtag__singapore2010 youth olympics and you could win tickets to see __hashtag__basketball on __num__ august __url__,3
singapore 2010 : now live on __url__ __hashtag__basketball __hashtag__weightlifting __hashtag__athletics __hashtag__archery __hashtag__singapore2010,2
news from youth olympic games young reporters __url__ __hashtag__singapore2010 __hashtag__athletes0,2
olympic pin collecting big at the __hashtag__singapore2010 youth olympic games __url__ __hashtag__olympics __hashtag__pins,2
"rowing report by sonali prasad , ioc young reporter __url__ __hashtag__singapore2010",2
"mountain bike report by fabian ng , ioc young reporter __url__ __hashtag__singapore2010 __hashtag__cycling",2
countries unite for mixed noc fencing event ! __url__ __hashtag__singapore2010,2
tony estanguet blogs on his experience as an athlete role model __url__ __hashtag__singapore2010 __hashtag__olympics,2
brazilian perez mayara wins girls bmx final by yog young reporter krishna athal __url__ __hashtag__singapore2010,2
warm weather training in ireland ? interview with tennis star john morrissey __url__ __hashtag__singapore2010,2
un irlandais plein de ressource __url__ __hashtag__singapour2010,2
follow live the __hashtag__singapore2010 youth olympic games __url__ __hashtag__olympics,2
follow live the __hashtag__singapore2010 youth olympic games __url__ __hashtag__olympics,2
access photos of the __hashtag__singapore2010 youth olympic games on __url__ __hashtag__olympics,2
party with the athletes ! live from the village __url__ __hashtag__singapore2010 at 8:30 pm singapore time __hashtag__olympics,2
now live on __url__ __hashtag__tennis __hashtag__archery __hashtag__gymnastics __hashtag__singapore2010 __hashtag__olympics,2
big day at hoops and getting told off by a legend ! __url__ __hashtag__singapore2010,2
african adventure awaits in the youth olympic village __url__ __hashtag__singapore2010 __hashtag__yog,2
watch live the __hashtag__singapore2010 youth olympic games on __url__ __hashtag__olympics,3
access photos of the __hashtag__singapore2010 youth olympic games on flickr __url__ __hashtag__olympics,2
[ press release ] inaugural youth olympic games reach the midway mark __url__ __hashtag__singapore2010 __hashtag__olympics,2
access video highights of the youth olympic games on youtube __url__ __hashtag__singapore2010,2
"charmaine crooks , athlete role model at the youth olympic games __url__ __hashtag__singapore2010 __hashtag__olympics",2
following sailing live through on twitter __url__ __hashtag__twitter __hashtag__singapore2010 __hashtag__olympics,2
following sailing live on twitter __url__ __hashtag__twitter __hashtag__olympics __hashtag__singapore2010,2
suivre la voile en direct grce aux mdias sociaux __url__ __hashtag__singapour2010 __hashtag__twitter,2
ioc president rogge has praised the use of twitter at the yog 's sailing regatta __url__ __hashtag__olympics __hashtag__singapore2010 __hashtag__twitter,2
discover video highlights of the singapore __num__ olympics __url__ __hashtag__olympics,2
discover photos of the __hashtag__singapore2010 youth olympics __url__ __hashtag__olympics,2
belgian cyclist succeeds without his biggest fans __url__ __hashtag__singapore2010 __hashtag__olympics,2
access photos of the __hashtag__singapore2010 youth olympics on __hashtag__flickr __url__ __hashtag__olympics,2
frdric magn rediscovers the atmosphere at __hashtag__olympics and takes part in chat with champions session __url__ __hashtag__singapore2010,2
jamaica goes gold in 100m sprint __url__ __hashtag__olympics __hashtag__singapore2010,2
athletes rock the village __url__ __hashtag__singapore2010 __hashtag__yog,2
les athltes mettent de lanimation dans le village ! __url__ __hashtag__singapour2010,2
an alpine evening in singapore ? ! __url__ __hashtag__singapore2010 __hashtag__olympics,2
access highlights of the singapore __num__ youth olympics __url__ __hashtag__singapore2010 __hashtag__olympics,2
[ press release ] successful singapore youth olympic games come to a close __url__ __hashtag__olympics __hashtag__singapore2010,2
watch live the closing ceremony of the __hashtag__singapore2010 youth olympics __url__ 20:00 singapore time,3
download photos of the closing ceremony of the __hashtag__singapore2010 youth olympics __url__,3
athletes take centre stage at closing ceremony ! __url__ __hashtag__singapore2010 __hashtag__olympics,2
olympic destiny for olympia __url__ __hashtag__singapore2010 __hashtag__yog,2
expert rates yog the pinnacle of olympic pin trading __url__ __hashtag__singapore2010 __hashtag__yog,2
three young reporters will go to london games __url__ __hashtag__olympics __hashtag__singapore2010 __hashtag__yog,4
innsbruck __num__ ceo peter bayer on the first yog __url__ __hashtag__singapore2010 __hashtag__yog __hashtag__innsbruck2012,2
"wietse van alten , athelete role model from the netherlands , looks back at yog __url__ __hashtag__singapore2010 __hashtag__yog",2
"youth at centre stage of the 7th world conference on sport , education and culture __url__ __hashtag__olympics __hashtag__yog",2
we came . we saw . we reported ... __url__ __hashtag__yog __hashtag__singapore2010,2
the yog of innsbruck __num__ is holding a competition ! take part and you could win a trip to austria __url__ __hashtag__yog __hashtag__innsbruck2012,3
youth olympic games : welcome to the family __url__ __hashtag__yog,2
up close and personal with frank fredericks and yelena isinbaeva __url__ __hashtag__yog,2
singapore __num__ athletes get together in the olympic capital ! __url__ __hashtag__yog,2
the yog give athletes opportunities they never had before ! __url__ __hashtag__yog __hashtag__triathlon __hashtag__whitfield,2
design the innsbruck __num__ mascot ! __url__ __hashtag__innsbruck2012 __hashtag__yog,2
innsbruck __num__ sports pictograms unveiled ! __url__ __hashtag__yog __hashtag__innsbruck2012,2
innsbruck __num__ mascots - pick your winner ! __url__ __hashtag__innsbruck2012 __hashtag__yog,3
innsbruck __num__ mascot competition has a winner ! __url__ __hashtag__yog __hashtag__innsbruck2012 __hashtag__olympics,2
yog ambassador bartekova keen on spreading the olympic values to the world 's youth __url__ __hashtag__yog __hashtag__olympics,2
el guerrouj : `` i 'm confident in the dreams of young people '' __url__ __hashtag__yog,2
"one year to go to the 1st winter youth olympics in innsbruck , austria __url__ __hashtag__innsbruck2012 __hashtag__yog",2
"roses are red , violets are blue , the olympics rock and_______________ . __hashtag__guess __hashtag__olympics",3
nanjing __num__ quick off the starting blocks __url__ __hashtag__yog __hashtag__nanjing2014 __hashtag__olympics,2
youth olympic games on the road at fis ski and snowboard events ! __url__ __hashtag__yog __hashtag__innsbruck2012,2
__hashtag__imoldenough to go to the __user__innsbruck2012 winter youth olympic games ! __url__ __hashtag__yog __hashtag__olympics,2
cool story featuring ? # singapore2010 young ambassador written by ? # singapore2010 young reporter ! ? http : //www.vancourier.com/vancouver+swimmer+meets+duke+duchess/5048232/story.html ? # yog ? # youtholympics,1
countdown is on to the first winter youth olympic games ! ? http : //www.olympic.org/content/yog/yog-news-face/yognewscontainer/countdown-is-on-to-the-first-winter-youth-olympic-games/ ? # innsbruck2012 ? # yog,2
ask winter olympic champions your question and it could feature in cool ? # yog video we are filming . answer ? @ youtholympics starting ? # champion,3
take yoggl ? # innsbruck2012 ? # yog mascot on holiday and win a prize ! ? http : //bit.ly/ozmw5a,3
welcome benni raich as ? # innsbruck2012 winter youth olympic games ambassador ? http : //www.olympic.org/media ? articleid=134148 ? # yog ? # youtholympics,2
young athletes qualify for ? # innsbruck2012 ? # yog ? http : //www.peterboroughtoday.co.uk/news/features_2_17113/peterborough_ice_hockey_teen_s_london_2012_olympics_destiny_1_2875956,1
youth olympic games gold medalist wins diving world title ? http : //www.olympic.org/content/yog/yog-news-face/yognewscontainer/youth-olympic-games-gold-medalist-wins-diving-world-title/ ? # yog ? # london2012 ? # youtholympics,2
"? # singapore2010 yog medalist chad le clos ( south africa , swimming ) is omega 's new ambassador ? http : //www.omegawatches.com/fr/press/press-release-detail/1761 ? # yog",1
check out here ? http : //bit.ly/pfxsg2 some behind the scenes photos from the shoot with ? @ innsbruck2012 ? # yog ambassador benjamin raich,3
a cool story written by ? # singapore2010 young reporter featuring singapore __num__ ? # yog medalist ! ? http : //www.olympic.org/content/yog/yog-news-face/yognewscontainer/yog-on-the-road-london-2012-talks-to-rachel-nicol/ ? # youtholympics,2
check out cool photos of ? # yog athlete taken by ? # singapore2010 yog photographer . for more ? http : //www.facebook.com/media/set/ ? set=a.10150277712982708.348961.163533637707 & type=1 ? pic.twitter.com/ia4qxfk,3
__num__ ? # yog spanish star carolina marin is making waves at the world badminton championships ? http : //fb.me/uzmjh2b1 ? # athletes ? # rock,1
one year on from singapore __num__ youth olympic games and we are still smiling ! ? http : //bit.ly/nvelw3 ? # yog ? # olympics,2
"as a yog ambassador , rt ? @ youtholympics to cheer on all the ? # singapore2010 athletes . one year on today ! see some of you in ? # london2012",3
three years to go until nanjing __num__ youth olympic games ! ? http : //www.olympic.org/content/yog/yog-news-face/yognewscontainer/three-years-to-go-until-nanjing-2014-youth-olympic-games/ ? # yog ? # youtholympics,2
hey yog fans ! here is a behind the scenes shot of ? @ lindseyvonn at the yog ambassador shoot taken today . ? # yog ? pic.twitter.com/pvrj7go,3
yog athletes rock ? # 3words,5
closing ceremony : __num__ year ago today . click on like to remember the ? singapore2010 youth olympic games ! ? # yog ? pic.twitter.com/dyxyqnd ?,3
? # singapore2010 ? # yog gymnasts are training hard to make it to ? @ cdnolympicteam for the ? # london2012 ? # olympics ? http : //www.olympic.org/content/yog/yog-news-face/yognewscontainer/yog-on-the-road-to-london-2012-talks-to-canadian-gymnastic-hopefuls/,2
innsbruck olympic sliding centre ? # innsbruck2012 ? # yog ? pic.twitter.com/bhqahbj,6
i dream of ? # yog ! ? pic.twitter.com/uurspkm,6
__hashtag__yog athletes keep rocking ! ? http : //news.bbc.co.uk/sport2/hi/tennis/14876173.stm ? # youtholympics,1
rt to cheer for ? # yog medallist jess fox ( aus ) and other athletes training hard to make it to ? # london2012 ? # olympics ? http : //www.olympic.org/content/yog/yog-news-face/yognewscontainer/yog-on-the-road-to-london-2012-talks-to-jess-fox/,3
check out the venues of the innsbuck __num__ winter youth olympic games ? # yog ? # olympics ? http : //www.flickr.com/photos/iocmedia/sets/72157626128217728/,3
check out this cool video featuring ? # innsbruck2012 ? # yog ambassador benni raich ? http : //www.olympic.org/content/yog/yog-news-face/yognewscontainer/yog-ambassador-benni-raich-has-got-yog-dna-have-you/,3
some star athletes will take part in the ? # innsbruck2012 ? # youtholympics ! learn more here ? http : //bit.ly/rivcuv,2
gb 's adam ( pengilly ) & eve ( muirhead ) to act as ioc athlete role models at the innsbruck __num__ winter youth olympics ? http : //www.olympic.org/olympic-games ? articlenewsgroup=-1 & articleid=141248,2
__hashtag__curling ? # wcf eve muirhead & uli kapp athlete role models for 1st winter youth olympic games in innsbruck january __num__ ? http : //bit.ly/dcr3dj,2
i ca n't wait __num__ b there ! the ioc announced the list of innsbruck __num__ athlete role models __num__ inaugural winter youth olympic games jan 13-22,5
very excited ! '' ? @ cdnolympicteam : wotherspoon and botterill named role models for winter youth olympic games in innsbruck ? http : //bit.ly/q625dt,2
i ? ? # yog !,4
austrian president receives first ticket for ? # innsbruck2012 ? # yog ? http : //www.olympic.org/ioc ? articlenewsgroup=-1 & articleid=142269,2
"check out this cool video featuring ? @ lindseyvonn , ? # innsbruck2012 ? # yog ambassador ? http : //www.olympic.org/multimedia-player/all-video/2011/09/yog-ambassador-lindsey-vonn-has-got-yog-dna-have-you/",3
? @ youtholympics - the __num__ day countdown to ? # innsbruck2012 ! i can hardly wait . what are you doing to support the young athletes of our future ?,3
? @ youtholympics - __num__ days __num__ go until ? # innsbruck2012 ! i ca n't wait to c the world come together __num__ sport ! ( esp . the ice hockey skills comp : ),5
free tickets to innsbruck __num__ ? http : //bit.ly/qmvkre ? # olympics ? # yog,2
im so excited to be an ambassador for the ? @ youtholympics for ? @ innsbruck2012 awesome yog : ),5
meet the nominees to the first ever winter youth olympic games - ? http : //bit.ly/oihhl1 . the ? @ youtholympics are jan . 13-22 in austria ? # yog,3
introducing ? @ innsbruck2012 ? # yog athlete role models alexander resch and kerstin szymkowiak ? http : //www.olympic.org/content/yog/yog-news-face/yognewscontainer/introducing-athlete-role-models-alexander-resch-and-kerstin-szymkowiak/ ? # youtholympics,2
happy birthday ! ? @ lindseyvonn ? # yog ? # ambassador of ? @ innsbruck2012 ? # olympics,4
breaking news ! ? # yog athlete qualifies for ? @ london2012 ? # olympics ? http : //www.olympic.org/content/yog/yog-news-face/yognewscontainer/yog-athlete-qualifies-for-london-2012-olympic-games/,2
ambassador ? @ lindseyvonn talks ? # yog ahead of world cup opener ? http : //www.olympic.org/media ? articleid=143458 & articlenewsgroup=-1 ? # youtholympics,2
yoggl and ? @ lindseyvonn hit it off ( again ) in austria ? http : //www.olympic.org/content/yog/yog-news-face/yognewscontainer/yoggl-and-vonn-hit-it-off-again-in-austria/ ? # youtholympics ? # yog,2
congrats to ? # yog ambassador ? @ lindseyvonn for her first win of the season ! ? # youtholympics,5
kevin rolland to suit up as winter ? # yog ambassador for ? @ innsbruck2012 ? http : //bit.ly/ugnvtq ? # yog ? # awesome,2
just launched a super cool contest ? # icopyu : tweet your pose and you could win a trip to innsbruck __num__ ? http : //www.olympic.org/content/yog_/innsbruck-2012-/news/newscontainer/icopyu-tweet-your-pose-and-you-could-win-a-trip-to-innsbruck-2012/ ? # yog,2
just launched something cool ? http : //bit.ly/usg1jd mimic an athlete and u could win a trip to the ? @ youtholympics ? @ innsbruck2012 ? # yog,3
__user__youtholympics great to see kevin rolland as the latest ? # yog ambassador ! ? # innsbruck2012 ? http : //bit.ly/vch7gt,2
? http : //www.olympic.org/content/yog_/innsbruck-2012-/news/newscontainer/take-part-in-the-innsbruck-2012-virtual-torch-relay-and-win-a-trip-to-athens-to-be-the-first-real-torch-bearer/ be a virtual torch bearer for innsbruck __num__ and win a trip to athens ! ? # yog ? # innsbruck2012,3
? @ kevinrolland1 ? @ youtholympics lovely clip last night on france3 with kevin and ioc president ? http : //bit.ly/ugacfz ? # yog ? # innsbruck2012,2
copy one of these athletes ? http : //bit.ly/tks0no and u could win a trip to the ? @ youtholympics ? # innsbruck2012 ? # austria ? # olympics,3
copy one of these athletes ? http : //bit.ly/tks0no and u could win a trip to ? @ innsbruck2012 ? # austria ? # olympics,3
we got ? @ yunaaaa ? @ lindseyvonn goodies ! take part in icopyu ? http : //bit.ly/usg1jd and we will ? # randomly give some away ! ? pic.twitter.com/uyafvhwu,3
introducing ? # innsbruck2012 ? # yog young ambassadors ? http : //www.olympic.org/content/yog_/innsbruck-2012-/news/newscontainer/lights-camera-action-introducing-the-yog-young-ambassadors/ __hashtag__,2
__num__ days to go to the ? # innsbruck2012 ? # yog ! ? http : //www.olympic.org/content/yog_/innsbruck-2012-/news/newscontainer/50-days-to-go-till-innsbruck-2012/,2
jiyoon lee ? # icopyyuna ? @ yunaaaa at the olympic museum ? # contest to win a trip to ? @ innsbruck2012 ? http : //bit.ly/sgsn9x ? # yog ? pic.twitter.com/iwhafeil,2
craig summerfield ? # icopybolt ? @ usainbolt at the olympic museum ? # contest to win a trip to ? @ innsbruck2012 ? # yog ? pic.twitter.com/y5d0wdaj,5
roger milla takes part in icopyu ? http : //bit.ly/w3vzoj ? # icopyali ? # sendme2yog ? # cool ? pic.twitter.com/cve3g12z,2
copy one of these athletes ? http : //bit.ly/tks0no and u could win a trip to ? @ innsbruck2012 ? # austria ? # olympics ? # yog,3
can u copy me ? tweet your photo here ? http : //bit.ly/usg1jd and win a trip to ? @ youtholympics ? # innsbruck2012 ? # yog,3
mnica lozano from mexico ? # icopycomaneci at the olympic museum ? http : //inv.lv/rqcmgd ? # contest to win a trip to ? # yog ? http : //bit.ly/tks0no,1
jorge dueas ? # icopybolt ? @ usainbolt at the olympic museum ? # contest to win a trip to ? # yog ? http : //bit.ly/tks0no ? http : //inv.lv/ungex1,1
can u copy ? @ shaun_white ? win a trip to ? # innsbruck2012 ? # yog ? # youtholympics enter here ? http : //bit.ly/w3vzoj ? pic.twitter.com/wztmto7v,3
gabriela ayala ? @ gabri_ag ? # icopycomaneci at the olympic museum ? # contest to win a trip to ? # yog ? http : //bit.ly/tks0no ? http : //inv.lv/utwy1r,1
__hashtag__icopyyuna ? @ yunaaaa at the olympic museum ? http : //inv.lv/t4rmey ? @ collens ? @ katrinagalas ? # contest to win a trip to ? # yog ? http : //bit.ly/tks0no,1
edjane brulhart ? # icopycomaneci at the olympic museum ? # contest to win a trip to ? # yog ? http : //bit.ly/tks0no ? http : //inv.lv/tkbocl,1
congrats on your performance this past weekend ! ? @ lindseyvonn ? # yog ? # ambassador ? # innsbruck2012,5
consuelo garcia ? # icopycomaneci at the olympic museum ? # contest to win a trip to ? # yog ? http : //bit.ly/tks0no ? http : //inv.lv/vptx6y,1
take part in ? # icopyu ? http : //bit.ly/usg1jd and you could win this cool ? @ usainbolt autographed t-shirt ? # yog ? pic.twitter.com/srqrkbvm,3
kevin rolland switches to ... basketball ? http : //www.olympic.org/content/yog_/innsbruck-2012-/news/newscontainer/kevin-rolland-switches-to-basketball/ ? # yog,2
alejandro marioni ? # icopybolt ? @ usainbolt at the olympic museum ? # contest to win a trip to ? # yog ? http : //bit.ly/tks0no ? http : //inv.lv/syebaq,1
medals for the ? @ innsbruck2012 ? # youtholympics unveiled ! ? http : //www.olympic.org/content/yog_/innsbruck-2012-/news/newscontainer/medals-for-the-innsbruck-2012-youth-olympic-games-unveiled/ ? # yog,2
claudia de la garza ? # icopycomaneci at the olympic museum ? http : //inv.lv/tpxrrb ? # contest to win a trip to ? # yog ? http : //bit.ly/tks0no,1
"the __num__ winter youth olympic games go to lillehammer , norway ? # yog",5
? # icopyrolland at the olympic museum ? http : //inv.lv/vqhjq8 ? @ scholm240 olympic medalist ? # contest to win a trip to ? # yog ? http : //bit.ly/tks0no,1
bandel-cai qiong ? # icopycomaneci at the olympic museum ? # contest to win a trip to ? # yog ? http : //bit.ly/tks0no ? http : //inv.lv/s5pbxy,1
free ? @ youtholympics tickets up for grabs on sunday ? http : //bit.ly/vx62sy . going like hot cakes ! ? # innsbruck2012 ? # yog,2
can u copy ? @ shaun_white ? win a trip to ? # innsbruck2012 ? # yog ? # youtholympics enter here ? http : //bit.ly/w3vzoj ? pic.twitter.com/1nbsxv91,2
? @ teamgb athletes selected for first winter youth olympics ? @ innsbruck2012 ? http : //ow.ly/7xdnh ? # olympics ? # yog ? # innsbruck,1
yog taekwondo athletes take one step closer to ? @ london2012 ? http : //bit.ly/uvv18z ? # yog ? # olympics,2
woohoo ! ? @ yunaaaa ? # icopyyuna ? # sendme2yog ? # yog ? pic.twitter.com/dcapigng,4
the torch relay begins for the first ever winter youth olympic games ? # innsbruck2012 ? # 27daystogo ? # yog ? pic.twitter.com/ktjbcl9q,
press release : youth olympic flame lights up for innsbruck __num__ ? # yog ? http : //www.olympic.org/news ? articleid=149248 ? @ innsbruck2012 ? @ youtholympics,2
photos of the lighting ceremony taken in greece today ? @ youtholympics ? http : //bit.ly/u8wdjx for the 1st ever winter youth olympics ? # yog,2
mimic an athlete ? http : //bit.ly/w3vzoj and you could win a trip to ? # innsbruck2012 ? # yog ? # youtholympics,3
exclusive ! ? # yog ambassador kevin rollands ski half-pipe masterclass . check out his training tips here ? http : //www.olympic.org/content/yog_/innsbruck-2012-/news/newscontainer/yog-ambassador-kevin-rollands-ski-half-pipe-masterclass/,3
woohoo ! sid the kid crosby becomes a youth olympic games ambassador ! ? http : //www.olympic.org/content/yog_/innsbruck-2012-/news/newscontainer/sid-the-kid-crosby-becomes-a-youth-olympic-games-ambassador/ ? # innsbruck2012 ? # yog,2
please vote ? http : //bit.ly/tpyflu for the best ? # icopyu or take part for a chance to win a trip to ? # innsbruck ? # yog ? pic.twitter.com/mz8vza6j,3
you have till 7am tomorrow to get your ? # yog ? # innsbruck2012 ticket ! ? http : //www.innsbruck2012.com/en/tickets,3
the yog relay started in innsbruck this morning ! one of the first torch bearers __num__ olympic champion s . eberharter . ? pic.twitter.com/18xwijbv,
this tweet is for all the yog athletes that will take part in the ? @ innsbruck2012 winter youth olympic games . games start on __num__ jan __num__ : - ),5
__num__ days to the 1st ever winter youth olympics ? # innsbruck2012 ? # yog ? pic.twitter.com/otng8rds,
youth olympic village is open and ? # yog athletes are arriving in innsbruck . only __num__ days to go to the ? @ innsbruck2012 ? # youtholympics ! !,5
congrats ? @ indigochip3 you won the ? # icopyu contest ! ? http : //bit.ly/yze8jy see you in ? @ innsbruck2012 ? # yog,2
did n't win the contest to ? @ innsbruck2012 ? do n't worry ! u now have a chance to win a trip to ? @ london2012 ? http : //bit.ly/w3vzoj ? # yog ? # olympics,3
yaa ! rt ? @ karrin21262 : ? @ angelaruggiero my __num__ yr old daughter watched the __num__ olympics & wanted to play hockey.she now plays in a house league,4
__num__ days to the first ever winter yog - check out this photo taken a few days ago ? @ innsbruck2012 ? # yog go innsbruck go ! ? pic.twitter.com/2yjyvkrn,3
introducing your ? @ cdnolympicteam representing the maple leaf ? @ youtholympics in ? # innsbruck2012 : ? http : //bit.ly/w3zbwp,2
get a behind the scenes look of the ? @ innsbruck2012 winter youth olympics here ? http : //bit.ly/ybtakb ? # yog ? # olympics,3
if you could ask a question to an athlete of the ? @ innsbruck2012 youth olympics ( which start today ) what would that question be ? ? # yog,3
the official hashtag of the ? @ innsbruck2012 youth olympics is ? # yog,5
get ready for a few ? # yog opening ceremony pictures !,3
the ? # yog ski jump glows in the dark . ? # getready ? pic.twitter.com/alxs0ip4,
? # yog athletes on their way out . ? pic.twitter.com/83cgxoz5,
__hashtag__yog athletes of austria ? pic.twitter.com/htv4wjsi,
__hashtag__yog team russia watches the ceremony . ? pic.twitter.com/e2ayd2wj,
the roar of the ? # yog crowd ? pic.twitter.com/tcdw8w0o,
arctic glow with modern yodeling at ? # yog ? pic.twitter.com/v2epyyjq,
all the pretty flags for ? # yog ? pic.twitter.com/yigcgjfm,
flag exit for the austrian dancers ? # yog ? pic.twitter.com/djrj2o9q,
primary color group dance ? # yog ? pic.twitter.com/tk3cmy5r,
presentation of the ? @ olympics flag for ? # yog ? pic.twitter.com/rudy1ulh,
the platform is ready for the ? # yog flame ? pic.twitter.com/dmka2agg,
and ... ..it 's lit ! ? # yog flame ? pic.twitter.com/h763pmeg,
fireworks show by the ? # yog flame . and that 's what i call an opening ceremony ! ? pic.twitter.com/i42blncl,
let the games begin ? # yog ? pic.twitter.com/mg59njxa,
if u happen to walk by the congress centre visit the show ur best stand ? http : //bit.ly/alu1hv ? # winatriptolondon2012 ? # yog ? pic.twitter.com/nlddhhzq,2
looking for video highlights of ? @ innsbruck2012 ? visit our youtube channel ? http : //www.youtube.com/innsbruck2012 go innsbruck go !,3
? # yogmenshockey russia vs . canada ? http : //www.flickr.com/photos/innsbruck2012/6692249369/,1
? # yogwomenshockey germany gets their game face on : ? http : //www.flickr.com/photos/innsbruck2012/6692249561/,1
__hashtag__yogwomensskijumping was the first event of the morning ? pic.twitter.com/axeaj6ey,
women ski jumping : takanashi flies as innsbruck __num__ takes off ? # yog ? http : //bit.ly/xafz14,2
innsbruck __num__ - access the competition schedule and results here ? http : //bit.ly/zfg9sk ? # yog ? pic.twitter.com/cbh94lli,2
what a show ! pics of the opening ceremony of the ? @ innsbruck2012 winter youth olympics ? http : //bit.ly/z7juqv ? # yog,2
awesome moments from __num__ jan __num__ ? http : //bit.ly/ywwpiu ? # yog ? @ innsbruck2012,1
follow the ? @ innsbruck2012 winter youth olympics ? http : //bit.ly/z4xuwo on our youtube channel ? # yog,3
elisabeth gram from austria shows her skills on the way to gold in the freestyle ladies ' halfpipe event ? # yog ? pic.twitter.com/tkwq0gw3,
"pure joy for anze lanisek , slovenia on her ladies ' ski jumping performance : ? http : //www.flickr.com/photos/innsbruck2012/6696822661/in/set-72157628869576073/lightbox/ ? # yog",2
here 's pair nr.5 ? pic.twitter.com/so4fmjxp retweeted by youth olympic games,
? pic.twitter.com/7azf6ym9 retweeted by youth olympic games,
? pic.twitter.com/7g1l59mz,
? pic.twitter.com/d7z6ziax,
ready to curl ? ? # yog ? http : //www.flickr.com/photos/innsbruck2012/6696820589/in/set-72157628869576073/,2
short program pairs skating team from china : ? # yog ? http : //www.flickr.com/photos/innsbruck2012/6696816223/in/set-72157628869576073/,2
no need to say where these ? # yog athletes are from : ? http : //www.flickr.com/photos/innsbruck2012/6696815343/in/set-72157628869576073/,2
team usa practices before the game ? pic.twitter.com/xsczvaeh,
the full crowd watches the action on the ice ? pic.twitter.com/fpsy4uvo retweeted by youth olympic games,
canada scores __num__ minutes after the start and now leads __num__ - __num__ ? # yogmenshockey,5
can-usa 1:0 // players leave the ice as the first period ends ? pic.twitter.com/4echy4hk retweeted by youth olympic games view photo,
canada scores their second and then third goal of the game !,5
"__num__ __num__ canada leading hicketts scored , __num__ seconds till the end of the 2nd period ? pic.twitter.com/9vqoe0rm",
10:00 can-usa 3:1 canada leads in the middle of the third period of the mens ice hockey preliminary game ? # innsbruck2012 retweeted by youth olympic games ?,5
1:39 can-usa 4:1 // goal for canada ! ? retweeted by youth olympic games ?,5
got them moves like ? @ usainbolt at ? # yog for icopyu.olympic.org ? pic.twitter.com/d5q07p6f,
goal for canada ! score is 5:1 against team usa ? retweeted by youth olympic games ?,5
"game over , team canada celebrates their victory in the mens ice hockey preliminary ? # innsbruck2012 ? pic.twitter.com/zzf4mhelretweeted by youth olympic games",
"men 's freestyle skiing , halfpipe ? http : //flic.kr/p/bdk9wn",2
"figure skating , ice dance , christine smith , simon eisenbauer ( aut ) at the innsbruck __num__ winter ? # yog : ? http : //flic.kr/p/bdk4op",2
"snowboarding , halfpipe , quincy korte-king ( can ) ? # yog ? http : //flic.kr/p/bdk9br",2
"freestyle skiing , halfpipe : tyler harding ( gbr ) ? # yog ? http : //flic.kr/p/bdk9at",2
ice hockey at the innsbruck __num__ winter youth olympic games ? # yog ? http : //flic.kr/s/ahsjy3nj2h,2
biathlon photos from ? # yog in innsbruck : ? http : //www.flickr.com/photos/iocmedia/sets/72157628899854519/view photo,2
hey ? @ indigochip3 ca n't wait to meet you tomorrow ! here is a message from ? @ yunaaaa just for you ? http : //bit.ly/xxguwq ? # yog,3
catch video highlights of the ? @ innsbruck2012 1st ever winter youth olympics here ? http : //bit.ly/z4xuwo ? # yog ? # awesome ? ?,3
if u happen to be walking by the congress centre in innsbruck visit the icopyu booth u might win a trip to london ? # yog ? pic.twitter.com/ehemyqrl,
sweden proves too strong for austria in women 's ice hockey ? http : //bit.ly/wskf4y # yog,2
team usa gives each other high fives after the race ? pic.twitter.com/cbmaqsse retweeted by youth olympic games,
video on demand check out the latest clips from ? @ innsbruck2012 ? # yog ? http : //www.youtube.com/innsbruck2012,2
pic.twitter.com/locqjl21 retweeted by youth olympic games view photo,
current standings . ? pic.twitter.com/r2aoaq8x retweeted by youth olympic games view photo,
team swe ? pic.twitter.com/7iww2tws retweeted by youth olympic games view photo,
team can ? pic.twitter.com/iklpvbc8 retweeted by youth olympic games view photo,
? # yog highlight photos from january 17th : ? http : //www.flickr.com/photos/innsbruck2012/sets/72157628917043085/view photo,2
gold medalist elizaveta tuktamisheva from russia on the ice for women 's figure skating at ? # yog : ? http : //www.flickr.com/photos/innsbruck2012/6716811593/in/set-72157628917482219,2
silver medalist adelina sotnikova from russia in the midst of a jump at ? # yog : ? http : //www.flickr.com/photos/innsbruck2012/6716812629/in/set-72157628917482219/view photo,2
ice dance gold medalists anna yanovskaya ( l ) and sergey mozgov from russia strike a pose at ? # yog : ? http : //www.flickr.com/photos/innsbruck2012/6716807315/in/set-72157628917482219/view photo,2
? # goodluck wishes to christina ager of austria before her parallel team final of ? # yog alpine skiing : ? http : //www.flickr.com/photos/innsbruck2012/6716805063/inn/set-72157628917482219/view photo,2
team usa ? # yog competitors ty andersen and pat edmunds fly down the luge track : ? http : //www.flickr.com/photos/innsbruck2012/6716801209/in/set-72157628917482219/,2
serious speed skating as ? # yog competitor leia behlau ( in front ) of germany leads a warm up group : ? http : //www.flickr.com/photos/iocmedia/6714316959/in/photostreamview photo,2
team usa and team russia are currently practicing on the ice ahead of their men 's preliminary ice hockey game ? http : //twitpic.com/88seuq retweeted by youth olympic games view photo,2
8:13 usa-rus 0:2 // team russia celebrates after winning their second goal of the game ? http : //twitpic.com/88sl5z retweeted by youth olympic games view photo,2
follow all the action of the first ever winter youth olympic games on youtube ? http : //bit.ly/xuz8cm ? # yog view video,3
woohoo ! ? # icopyadviento ? # sendme2london ? # yog ? pic.twitter.com/ibqqljfs view photo,4
the ? # yog athletes give good face as they ? # icopyu ? @ usainbolt ? pic.twitter.com/kubbwqdi view photo,
check out the latest videos from ? @ innsbruck2012 ? # yog ? http : //bit.ly/zd7eeuview video,3
athletes on their last warm up runs ... __num__ mins to go ! ? http : //twitpic.com/89fv9lretweeted by youth olympic games view photo,2
croud is looking motivated here ! ? http : //twitpic.com/89frm9retweeted by youth olympic games view photo,4
game on ! team usa vs team russia russia scores __num__ - __num__ ? # yog ?,5
goal for russia ! ! ! scored by orlov efor assisted by nasybullin eduard und protapovich alexander rus 1:0 usa ? retweeted by youth olympic games ?,5
miracle on ice duel ... usa vs russia semi-final ? @ yog youth olympics ? pic.twitter.com/4kli6rll retweeted by youth olympic games view photo,
__num__ min left . no goal yet in this period . ? retweeted by youth olympic games ?,5
goal for russia ! ! ! rus 2:0 usa ? retweeted by youth olympic games ?,5
goal for russia rus 4:0 usa ? retweeted by youth olympic games ?,5
goal for usa ! ! ! ! scored by wegerth joe ? retweeted by youth olympic games ?,5
goal for usa scored by eichel jack assited by glover jack rus 4:2 usa ? retweeted by youth olympic games ?,5
? ? ? @ yog_icehockey : and russia wins with 5:2 ! ! ! congratulation ! '' + cheers to all athletes at these awesome games. ? ?,5
game over ! team aut celebrates in a huddle for their 2:0 win over germany ? # yog ? http : //twitpic.com/89k7dpretweeted by youth olympic games view photo,2
bronze medalist aristide begue of team france just after the finish line for ? # yog biathalon mixed relay : ? http : //www.flickr.com/photos/iocmedia/6730063297/in/photostreamview photo,2
michael ciccarelli from canada competes in ? # yog slopestyle snowboard in front of a stunning backdrop : ? http : //www.flickr.com/photos/iocmedia/6730063173/in/photostream/view photo,2
miha hrobat of slovenia leans in to the turn at ? # yog giant slalom : ? http : //www.flickr.com/photos/iocmedia/6730063083/in/photostream/view photo,2
linn eriksen of norway is off to a flying start in ? # yog cross country skiing : ? http : //www.flickr.com/photos/iocmedia/6730062757/in/photostream/view photo,2
amos mosaner of italy shouts during the ? # yog mixed team curling final against switzerland : ? http : //www.flickr.com/photos/innsbruck2012/6724578593/in/set-72157628936801669/view photo,2
symmetry as lim hyo jun ( c ) of korea competes during the ? # yog men 's 1000m short track final : ? http : //www.flickr.com/photos/innsbruck2012/6724576497/in/set-72157628936801669/view photo,2
catch all the action of ? @ innsbruck2012 on ? http : //youtube.com/innsbruck2012 ? # yog,3
fans jump out of their seats as team canada scores their fifth goal . scored by reid gardiner ? http : //twitpic.com/89wympretweeted by youth olympic games view photo,2
play resumes with less than __num__ minutes left in the second period ? http : //twitpic.com/89x0fjretweeted by youth olympic games view photo,2
upload your photo here ? # icopyadam ? # sendme2london ? # yog ? pic.twitter.com/51nmzqid view photo,3
penalty for __hashtag__16 nick schmaltz of the usa ? http : //twitpic.com/89xn6iretweeted by youth olympic games view photo,2
a closer look at ? # yog speed skates : ? http : //www.flickr.com/photos/innsbruck2012/6732053787/in/set-72157628956446769/view photo,2
"happy world snow day ! ! where are you going to explore , enjoy and experience the snow today ? ? : ) ? http : //fb.me/1ol8alj8l ? retweeted by youth olympic games ?",4
pic.twitter.com/t3fdwmdz retweeted by youth olympic games view photo,
team usa ? pic.twitter.com/gltupmoy retweeted by youth olympic games view photo,
? take a peek at our latest video for ? # yog : ? http : //youtube.com/innsbruck2012 ? ?,3
some fans from fin dancing on the stairs ? http : //twitpic.com/8abkcg retweeted by youth olympic games view photo,2
heres team rus ? http : //twitpic.com/8abm12 retweeted by youth olympic games view photo,2
finland on the ice ! ? pic.twitter.com/xydfuriaretweeted by youth olympic games view photo,
the overtime period is over with no second goal from either team . ? retweeted by youth olympic games ?,5
gold for finland ! silver for russia in men 's ice hockey ? # innsbruck2012 ? retweeted by youth olympic games ?,5
fin is celebrating the first place ! well played ? pic.twitter.com/ttolkttp retweeted by youth olympic games view photo,
"fin , rus and can on the ice for the medal ceremony ! ? pic.twitter.com/g7x8yjri retweeted by youth olympic games view photo",
closing ceremony of the ? @ innsbruck2012 youth olympics athletes are arriving . ? pic.twitter.com/6w5zgoee view photo,
hey yog fans ! what 's your best memory of the ? @ innsbruck2012 winter youth olympics ? ? # yog ?,3
check out our highlight photo gallery from the ? # yog : ? https : //twitter.com/ # ! /youtholympics/media/grid ? ?,3
? http : //www.youtube.com/innsbruck2012 the historic ? # yog hockey final russia vs finland at the innsbruck2012 ? # youtholympics ? ?,2
"highlights of ? @ team gb at the winter youth olympics on bbc1 tomorrow at 1pm , check it out ! ? retweeted by youth olympic games ?",3
take part in the i copy u contest ! now for a chance to win a trip to the ? # london2012 ? # olympics . learn more here : ? http : //icopyu.olympic.org/ ? ?,3
a really enjoyable watch that ? @ youtholympics ? # britisholympicdreams special . defo sensed the creative genius of ? @ louismyles in there ; - ) ? retweeted by youth olympic games ?,5
__hashtag__yog memories ! ? # innsbruck2012 ? pic.twitter.com/k8dif4rv view photo,
? http : //youtu.be/fh70cdrjplu the best of innsbruck 2012 ! ? # yog view media,2
wohoo ! ? # yog gymnasts qualify for ? # london2012 ? # olympics ! ? http : //www.olympic.org/yog-gymnasts-qualify-for-london-2012 ? ?,2
one month on from the ? @ innsbruck2012 closing ceremony ! who did you cheer for ? ? ?,3
"did you know that nanjing , china , will host the 2nd summer ? # youtholympics ? ? http : //www.olympic.org/content/yog_/nanjing-2014/news/newscontainer/nanjing-celebrates-a-special-yog-anniversary-/ ? ?",3
"we will never forget you , yoggl __url__ ? # innsbruck2012 ? # yog",2
? # didyoureallyjust compete at ? # innsbruck2012 ? # yog . rt if so ! ? ?,5
congratulations to ? # yog ambassador ? @ yelenaisinbaeva who set a new world indoor record last night ! ? ?,5
congrats to ? # singapore2010 ? # yog medallist qiu bo from china who took men 's __num__ m platform gold at the diving world cup ! ? ?,5
watch out ? # london2012 : the class of ? # singapore2010 is coming ! ? http : //www.olympic.org/yog-on-road-to-london-2012-gathers-pace ? ?,3
where will the 3rd summer youth olympic games be held ? check out the story here ? http : //bit.ly/zcop1w to learn more ? ?,3
did you know that __num__ march is international womens day ? ? http : //www.olympic.org/lets-hear-it-for-the-yog-girls ? ?,4
unstoppable alpine skier ? @ lindseyvonn claimed her fourth overall world cup title today ! rt to show your support for the ? # yog ambassador ! ? ?,3
congratulations to ? # yog ambassador ? @ yelenaisinbaeva back on top as the world indoor pole vault champion . rt to cheer on yelena ! ? ?,3
"? http : //www.olympic.org/yog-on-the-road-to-london-2012-talks-to-chad-le-clos taking time out from his busy schedule , the five times ? # yog medalist chatted to us about life since ? # singapore2010 ? ?",2
"chatting to ? # yog athlete , swiss rower augustin maillefer today . rt to cheer him on at ? # london2012 ? # olympics ? pic.twitter.com/jv9buvxw view photo",
rt to cheer for all the ? # yog athletes who are going to compete at ? @ london2012 ? # olympics ? http : //www.olympic.org/content/yog_/singapore-2010-/news/singaporenewscontainer/yog-champion-mohammed-amans-journey-to-london-2012/ ? ?,3
? http : //www.olympic.org/content/yog_/nanjing-2014/news/newscontainer/getting-to-know-nanjing-the-2014-youth-olympic-games-host-city/ getting to know nanjing : the __num__ youth olympic games host city ? # yog ? ?,2
"congrats to danka bartekova , ? # singapore2010 ? # yog young ambassador ! she qualified and will be shooting at ? @ london2012 . ? pic.twitter.com/fw6eo87r view photo",
wohoo ! ? # singapore2010 ? # yog medallist ilya shugarov ( rus ) took home a gold as winner of modern pentathlon world cup ! ? pic.twitter.com/yqfthgoz view photo,
"? http : //www.olympic.org/content/yog_/yog-2/news/newscontainer/yog-on-the-road-to-london-2012-visits-auckland-new-zealand/ ? # yog on the road to ? # london2012 visits auckland , new zealand ? ?",4
my view from the top of the __num__ lillehammer olympic ski jump . on site prepping for ? # youtholympics in __num__ ? pic.twitter.com/bbxklpti retweeted by youth olympic games view photo,
"watch the lighting ceremony in olympia , greece here ? http : //bit.ly/jh1zh8 live on may __num__ from __num__ cet onwards ! ? # olympics ? retweeted by youth olympic games ?",3
the olympic torch relay begins - help us spread the message by retweeting this ? # london2012 ? # olympics ? pic.twitter.com/d6p1mc3e retweeted by youth olympic games view photo,3
tidying my room and found all my pin badges from ? @ singapore2010 ? @ youtholympics : ) ? # memories ? pic.twitter.com/najovzdb retweeted by youth olympic games view photo,
youth olympic gamesthe journey continues ? http : //bit.ly/jdpvym ? # yog ? # olympics ? ?,2
follow the yoggie __user__leclos_swim who has qualified for the ? # london2012 olympic games and joined the athletes ' hub __url__ clos ? ?,3
it is ? # followfriday ! start following yoggies ? @ jessfoxxx ? @ teravb ? @ luguelinsantos ? @ swimmersabine who qualified to compete in ? # london2012 ! ? ?,3
breaking news ! __num__ new events will be added to the programme in nanjing __num__ ? http : //www.olympic.org/cool-new-events-for-nanjing-2014 ? # yog ? ?,2
stands are going up ! got goosebumps thinking they will soon be filled with thousands of people ! ? # notlongnow ? # london2012 ? pic.twitter.com/vpkxv33f retweeted by youth olympic games view photo,4
`` i 'm buzzing '' says youth olympic champion ? @ jadejonestkd after being named in the ? @ teamgb squad . `` i just ca n't wait for it to begin now ! `` ? retweeted by youth olympic games ?,5
youth olympic games at the tower of london ahead of ? # london2012 ! ? http : //www.olympic.org/yog-photographer-sent-to-the-tower-of-london ? # yog ?,2
from ? # singapore2010 to ? # london2012.rt to cheer ? @ katrinacameron_ ? @ anjelikareznik and all the athletes __user__ __num__ days to go ? pic.twitter.com/a2a3v3jt view photo,3
hey yog fans ! who will you cheer for during the ? @ london2012 ? @ olympics ? ? # yog ? ?,3
__num__ days to london __num__ and the yog athletes are coming ? http : //bit.ly/krxdas ? # olympics ? ?,2
"congrats to diver ? @ tomdaley1994 , ? # singapore2010 ? # yog athlete . selected for ? @ teamgb and heading to ? @ london2012 ? ?",5
awesome ? @ teamusa story about ? # yog father-son fencing team heading to ? @ london 2012 : ? http : //bit.ly/mhlgdj ? ?,2
"watch olympic legends ? @ angelaruggiero and kjetil aamodt in lillehammer , norway , live __user__ 5pm ( local time ) ? http : //bit.ly/lbe7h5 ? # yog ? ?",4
"? # awesome we have over 100,000 followers . thank you for loving ? # yog ? ?",4
rt to wish good luck to all the ? # yog athletes who work hard to be the best they can be every day ! ?,3
check out the 3rd chapter of our youth olympic games the journey continues series here ? http : //www.olympic.org/girl-power-on-the-journey-to-london-2012 ? # yog ? # london2012 ? ?,3
"introducing your ? @ london2012 ? # yog reporter , iram sarwar ? http : //www.olympic.org/introducing-your-london-2012-yog-reporter-iram-sarwar",2
congratulations to ? # yog pole vaulter ? @ angelicab_pv who is heading to ? @ london2012 with team sweden ! ?,5
did you know that the nanjing __num__ ? # yog will be the first time rugby has appeared on an olympic platform ? ? http : //www.olympic.org/worlds-best-rugby-stars-get-behind-the-youth-olympic-games ? ?,2
what a moment ! ? # yog gold medalist georgia howard-merrill carries the ? # london2012 olympic flame . ? pic.twitter.com/0krbxfhh view photo,
? # yog athlete sergey morgunov ( rus ) is the new world junior long jump champ . next stop ? # london2012 ? # thejourneycontinues ? pic.twitter.com/bcocj3pq,
congrats to new 400m world junior champ ? @ luguelinsantos ( dom ) ? # yog athlete . looking strong for ? # london2012 ? pic.twitter.com/ixgs7xct view photo,
wenlock having a blast with the ? # yog athletes at iaaf ? # bcn2012org ! checking out the ones to watch at ? # london2012 ? pic.twitter.com/bnd8u0pj view photo,
living legend wilson kipketer at ? # bcn2012org to cheer on ? # yog athletes heading to ? # london2012 ? # thejourneycontinues ? pic.twitter.com/cye1pyvhview photo,
congrats to ? # yog pole vaulter ? @ angelicab_pv ( swe ) . a second world junior champ title and record ! next stop ? # london2012 ? pic.twitter.com/mkd70spl view photo,
__num__ days to go to ? # london2012 and ? # yog team are live from iaaf diamond league in monaco with ? @ yelenaisinbaeva ? pic.twitter.com/6ndej34r view photo,
? ? in __num__ hours we will be with ? @ yelenaisinbaeva ( athletics ) she is going to london ask some questions here ? http : //goo.gl/ykdyx ? # askanathlete ? retweeted by youth olympic games ?,4
what is the best thing you saw at the youth olympic games ? ? http : //hub.olympic.org/ ? # askanathlete via ? @ olympics,3
