Hey Yog Fans! Check out the latest news from YOG reporter imiya Shokoohi http://bit.ly/b1WGoY #yog #van2010 #olympics,3
Innsbruck 2012 launches new Winter Youth Olympic Games Emblem http://bit.ly/d00eCK #youtholympics,2
"Hi YOG Followers! Check out my latest news story http://bit.ly/d7P9ZB #yogreporter #kimyia (error : focus?, sport)",3
"Kimiya Shokoohi, YOG reporter -sponsors host local youngsters - http://bit.ly/9HsZxy #youtholympics",2
Vancouver meets 10-year-old reporter http://bit.ly/9valA6 #van2010 #olympics,2
Phelps Becomes Youth Olympic Games Ambassador http://bit.ly/a6ZYMM #phelps #youtholympics,2
Check out the latest article from YOG reporter Kimiya Shokoohi Youngest athletes feel pressure-free http://bit.ly/b1WGoY #yog,3
Sochi's time fast approaching http://bit.ly/b1WGoY #olympics #yog,2
"Women’s hockey: a hit By Kimiya Shokoohi, YOG reporter. http://bit.ly/b1WGoY #yog #vancouver2010",2
Athlete takes his turn with the microphone  http://bit.ly/8XjbV2 by yog reporter Kimiya Shokoohi #yog #olympics,2
Medal Design Competition’s grand prize winner http://bit.ly/9s9Msf #yog #singapore2010,2
Hi Yog Followers!! Check out this cool pic http://bit.ly/cCKeno #yog,3
Singapore 2010 unveils Journey of the Youth Olympic Flame Torch design http://bit.ly/b1WGoY #yog #singapore2010,2
IOC launches Young Ambassador Programme for the Youth Olympic Games http://bit.ly/djuZj4 #singapore2010,2
IOC President praises preparations for first Youth Olympic Games in Singapore http://bit.ly/bT9XX9 #yog,2
Hey Yog followers! olympic.org has a new face to the cube...http://bit.ly/drzFNR,3
IOC announces Yelena Isinbayeva as Youth Olympic Games Ambassador http://bit.ly/bplZOX #yog #singapore2010,2
"Hello, my name is Patricia Freitas, I’m the Young Ambassador from Brazil http://bit.ly/cBQYkB #youtholympics",3
"Meet WANG Kan, China’s Young Ambassador for Singapore 2010! http://bit.ly/b1WGoY #YOG",3
[PRESS RELEASE] Singapore celebrates 99-day countdown to first-ever Youth Olympic Games http://bit.ly/a4lxAN #singapore2010,2
"Meet Chivinn Chum, Cambodia’s Young Ambassador for Singapore 2010 http://bit.ly/cU7Jd6 #singapore2010 #yog",3
Share what u think is the spirit of the youth olympics and u could be an official IOC photgrapher in singapore 2010 http://bit.ly/9OJwRc,3
IOC announces line-up of sport stars supporting the first Youth Olympic Games http://bit.ly/9XgcE3 #singapore2010,2
Social media connecting the world to the Youth Olympic Games http://bit.ly/dDkGkL #singapore2010,2
:-) Happy Olympic Day! #june23 #olympics,4
[PRESS RELEASE] Usain Bolt joins star-studded list of Youth Olympic Games Ambassadors http://bit.ly/bok8sK #singapore2010,2
[PRESS RELEASE] “The Best of Us Challenge” participant wins trip to inaugural Youth Olympic Games http://bit.ly/cd0BdX #singapore2010,2
At 30 days to the first ever Youth Olympics check out this video of Usain Bolt  http://bit.ly/ahgdlg  #singapore2010 #youtholympics,2
At 30 days to the first ever Youth Olympics in SIngapore check out this interview of Yelena Isinbayeva  http://bit.ly/ciW6b5 #singapore2010,2
At 30 days to the 1st Youth Olympics check out  this interview  with Michael Phelps http://bit.ly/cUXNgq #singapore2010,2
Meet Sophie McKinna! (UK) She is on her way to the first ever Summer Youth Olympic Games http://bit.ly/cepuXg #singapore2010,3
"The Youth Olympic flame is lit in Olympia, Greece. #singapore2010 #youtholympics??",5(no source)
"Full video of the lighting ceremony in Olympia, Greece of the Youth Olympic Flame http://bit.ly/dDpxvi #singapore2010",2
Meet the ambassadors of the Youth Olympic Games (video) http://bit.ly/alAbS2 #singapore2010,3
The Youth Olympic Flame has arrived in Berlin! #singapore2010 #youtholympics,2
Be an official photographer of the  IOC at the Youth Olympics 4 days left in this contest  http://bit.ly/dwS69I #singapore2010 #flickr,3
The Youth Olympic Flame is in Mexico City http://bit.ly/9OyKeR #singapore2010 #youtholympics,2
The Youth Olympic flame that will ignite the Singapore 2010 Youth Olympic Games has arrived in Auckland. 14 days to go  #youtholympics,5(no source)
Meet the official mascots of the Singapore 2010 Summer Youth Olympics http://bit.ly/aVNSXE #singapore2010 #youtholympics,3
10 days to the opening of the Youth Olympics in Singapore. Usain Bolt wants to know what is your dream playlist http://bit.ly/cNwEnQ,2
Video: making of the first ever Youth Olympics medals http://bit.ly/bfN8U6 #singapore2010,2
Video interview: Yelena Isinbayeva Masterclass http://bit.ly/c5ufb9 #singapore2010 #olympics,2
Only 7 days to the first ever Summer Youth Olympics. Follow @youtholympics and @singapore2010 to get latest news #singapore2010,5(no source)
RT @singapore2010: http://twitpic.com/2cbld4 - Shan Wee arriving with the Youth Olympic Flame! #singapore2010,1
RT @singapore2010: Be part of the Journey of the Olympic Flame! Join the daily celebration this evening at Nanyang Poly! http://ow.ly/2lZn2,1
Lot's of photos on flickr of the Singapore 2010 Youth Olympics http://bit.ly/beV4fG #singapore2010 @singapore2010,2
Meet the winner of the flickr photo competition for the Youth Olympic Games! #singapore2010 http://bit.ly/ahvkIZ,3
The Final Countdown has begun! 3 days to the first ever Youth Olympics http://bit.ly/92frNp #singapore2010,2
Get all the background information on the youth olympics  http://bit.ly/dk4dg6,3
IOC Youth Olympic Games Flickr  photo contest winner interview http://bit.ly/9xu3sC #singapore2010,2
Some great photos on Singapore 2010 available here http://bit.ly/cOw2hq #singapore2010,2
Ill b tweeting there as well RT @USOlympic: 3 days until the 1st Youth Olympic Games.keep updated by following @youtholympics #singapore2010,5(no source)
RT @singapore2010: Follow the Youth Olympic Flame LIVE as it moves arnd Singapore on our map :D ! http://bit.ly/9xqV0s #Singapore2010,2
Check out this mini video game of the singapore 2010 Youth Olympics http://bit.ly/dB8K1I #singapore2010,3
RT @Roberts_Luke the track and see what cutting. its really amazing to be part of this #athlete #singapore2010,5(no source)
RT @ElinorThorogood 1st experience of a singapore style thunderstorm. Quite impressed! whacking out the waterproof trousers :D #yogathlete,5(no source)
Only three days to go to  the 1st ever @youtholympics http://bit.ly/97aoYH #singapore2010,2
RT @graceleong: @singapore2010 @yod_2010 flame just passed by my house #singapore2010,5(no source)
"Keep udapted on the Youth Olympics on Facebook ""like"" http://bit.ly/aVicL9 #singapore2010",3
"Keep updated on the SIngapore 2010 Youth Olympics by ""Liking"" http://bit.ly/aVicL9 #singapore2010",3
RT @ZurahZahura: Woooo YOG! Look at her running with the torch :D http://yfrog.com/1q44icj,3
Behind the scene pics of the singapore 2010 Youth Olympic Games Main Media Center http://bit.ly/9vzzfC #singapore2010,2
In Singapore? we will be doing some cool meetups. RT this #singapore2010 #freepins,5(no source)
Singapore 2010 adopts new sport formats #singapore2010 http://bit.ly/9r0S9b,2
1 day to go to the Singapore 2010 Youth Olympic Games  #singapore2010,5(no source)
14-26 August 2010 watch the @youtholympics live on http://bit.ly/aii5rR #singapore2010,2
Singapore 2010: Opening Ceremony of the first ever Youth Olympics! Watch on http://bit.ly/aA0oGB 8:10PM Singapore time #singapore2010,3
Video Are you ready for the Youth Olympic Games? http://bit.ly/ads2kD #singapore2010,3
IOC President Jacques Rogge on the Youth Olympic Games http://bit.ly/cWVKkE #singapore2010,2
A buzz of culture and education for young athletes in Singapore http://bit.ly/9AshDB #singapore2010,2
Access photos of the Youth Olympic Games on Flickr http://bit.ly/aDMgFq #singapore2010,2
3 hours to the opening ceremony of Singapore 2010 Youth Olympic Games. Live broadcast on http://bit.ly/aii5rR #singapore2010,2
Access high res photos of the Singapore 2010 Youth Olympic Games on flickr http://bit.ly/12a1g1 #singapore2010,3
Opening Ceremony photos on Flickr of the Singapore 2010 Summer Youth Olympic Games  http://bit.ly/12a1g1 #singapore2010,2
[PRESS RELEASE] First Youth Olympic Games officially under way in Singapore http://bit.ly/9y5ekY #singapore2010,2
YOG photos: Japan's Yuka Sato wins first ever Gold medal of the Youth Olympic Games http://bit.ly/12a1g1 #singapore2010,2
Got any photos of Singapore 2010 Youth Olympic Games? Share them on Facebook http://bit.ly/cimFMN #prizes #singapore2010,3
Youth Olympics: 3 on 3 Basketball photos available on http://bit.ly/a7CssJ #singapore2010,2
highlights of the Singapore 2010 Youth Olympic Games  on Youtube http://bit.ly/brYswx #singapore2010,2
Life of Aaron Barclay http://bit.ly/bY8BHQ #triathlon #singapore2010,2
Relive the Singapore 2010 Youth Olympics Opening Ceremony on Youtube http://bit.ly/beT5LC #singapore2010,2
Watch the SIngapore 2010 Youth Olympic Games live here http://bit.ly/aii5rR #singapore2010,3
Check out Youth Olympic Games Young Reporter Nick Olivier's Blog on the Singapore 2010 Opening Ceremony http://bit.ly/zJHHP #singapore2010,3
Callum Ng is a Young Ambassador of Singapore 2010. Check out his blog  http://bit.ly/aLlCzV  #Singapore2010,3
Florian is a Young Ambassador of the SIngapore 2010 Games. Check out his blog http://bit.ly/c1CvB8 #singapore2010,3
RT @AngelaRuggiero:Heading to the YOG Village 2 hang with athletes at cultural village. booths showcasing countries from around the world,5(no source)
"RT @luke_dufficy: Just spoke wirth Kevan Gosper, Olympic Medallist  about sport and media. Really interesting. Hanging off every word. #YOG",5(no source)
RT @ekennedy229: Congratulations Kevin McDowell for taking the silver in triathlon!,3
Access photos of the Singapore 2010 Youth Olympics http://bit.ly/12a1g1 #singapore2010,2
Now live on http://bit.ly/aii5rR  #Badminton #Taekwondo #Wrestling #Gymnastics #singapore2010,2
How are you watching the Singapore 2010 Youth Games? Share your pics here http://bit.ly/cimFMN and win cool stuff #singapore2010,3
Singapore 2010: Live chat with Champions 17 August 2010 from 7PM Singapore time #sergeibubka #yelenaisinbayeva #singapore2010,2
Live chat with Champions 17 August 2010 from 7PM Singapore time #sergeibubka #yelenaisinbayeva #singapore2010 http://bit.ly/aii5rR,2
Bringing the world together in Singapore  http://bit.ly/9SiH4L #singapore2010,2
Young reporters offered remarkable experience http://bit.ly/cpouTe #singapore2010,2
Watch live events of the Singapore 2010 Youth Olympic Games on http://bit.ly/aii5rR #singapore2010,3
Now Live on http://bit.ly/aii5rR #basketball #weightlifing #athletics #gymnastics #singapore2010,2
Singapore 2010: A live chat with champions Yelena Isinbaeva and Sergey Bubka tonight 19:00 - 20:00 Singapore time on http://bit.ly/aii5rR,2
Now live on the live Singapore 2010 Webcast #taekwondo #wrestling #singapore2010 http://youtholympicgames.org,2
"Now live from Singapore 2010 #taekwondo, #wrestling, #weightlifting, #gymnastics http://bit.ly/aii5rR  #singapore2010",2
Access competition photos of the Singapore 2010 Youth Olympic Games http://bit.ly/12a1g1 #singapore2010,2
live chat with champions Yelena Isinbaeva and Sergey Bubka tonight 19:00 - 20:00 Singapore time on http://bit.ly/aii5rR #singapore2010,2
Now,4
Now Live http://bit.ly/aii5rR #basketball #weightlifting #singapore2010,2
Chat with Champions - Video on demand  - http://bit.ly/a477ze Sergey Bubka and Yelena Isinbayeva #singapore2010,2
Check out the latest blog post from aaron barclay #triathlon http://bit.ly/bY8BHQ #singapore2010,3
Check out this blog from Callum Ng YOG ambassador http://bit.ly/9WmTtD #singapore2010,3
Lucky trunks help Chad claim gold  http://bit.ly/ce7kvk #singapore2010,2
Share photos of the #Singapore2010 Youth Olympics and  you could win tickets to see #basketball on 21 August http://bit.ly/bsowPk,3
Singapore 2010: Now live on http://bit.ly/aii5rR #basketball #weightlifting #athletics #archery #singapore2010,2
News from Youth Olympic Games young reporters http://bit.ly/aR0P3p #singapore2010 #athletes0,2
Olympic pin collecting big at the #singapore2010 Youth Olympic Games http://bit.ly/aVmWcv #olympics #pins,2
"Rowing report by Sonali Prasad, IOC Young Reporter http://bit.ly/dr5i5l #singapore2010",2
"Mountain Bike report by Fabian Ng, IOC Young Reporter http://bit.ly/98QiIU #singapore2010 #cycling",2
Countries unite for mixed NOC fencing event! http://bit.ly/by4eOY #singapore2010,2
Tony Estanguet blogs on his experience as an Athlete Role Model http://bit.ly/dkUzoc #singapore2010 #olympics,2
Brazilian Perez Mayara wins girls’ BMX final by YOG young reporter Krishna Athal http://bit.ly/bPCTwi #singapore2010,2
Warm weather training in Ireland? interview with tennis star John Morrissey http://bit.ly/c8K2zW #singapore2010,2
Un Irlandais plein de ressource http://bit.ly/dnoq7C #singapour2010,2
Follow live the #singapore2010 Youth Olympic Games http://bit.ly/aii5rR #olympics,2
Follow live the #singapore2010 Youth Olympic Games http://bit.ly/aii5rR #olympics,2
Access photos of the #singapore2010 Youth Olympic Games on http://bit.ly/a7CssJ #olympics,2
Party with the athletes! Live from the village http://bit.ly/aii5rR  #singapore2010 at 8:30 PM singapore time #olympics,2
Now live on http://bit.ly/aii5rR #tennis #archery #gymnastics #singapore2010 #olympics,2
Big day at hoops and getting told off by a legend!  http://bit.ly/aXvDGn #singapore2010,2
African adventure awaits in the Youth Olympic Village  http://bit.ly/dd8JIi #singapore2010 #yog,2
Watch live the #singapore2010 Youth Olympic Games on http://bit.ly/aii5rR #olympics,3
Access photos of the #singapore2010 Youth Olympic Games on Flickr http://bit.ly/a7CssJ #olympics,2
[PRESS RELEASE] Inaugural Youth Olympic Games Reach the Midway Mark http://bit.ly/cYVcxG #singapore2010 #olympics,2
Access video highights of the Youth Olympic Games on Youtube http://bit.ly/brYswx #singapore2010,2
"Charmaine Crooks, Athlete Role Model at the Youth Olympic Games http://bit.ly/do9Mhf #singapore2010 #olympics",2
Following sailing live through on Twitter http://bit.ly/bt3VFz #twitter #singapore2010 #olympics,2
Following sailing live on Twitter http://bit.ly/bt3VFz #twitter #olympics #singapore2010,2
Suivre la voile en direct grâce aux médias sociaux http://bit.ly/aZotPd #singapour2010 #twitter,2
IOC President Rogge has praised the use of Twitter at the YOG's sailing regatta http://bit.ly/bt3VFz #olympics #singapore2010 #twitter,2
Discover video  highlights of  the  Singapore 2010 Olympics http://bit.ly/brYswx #olympics,2
Discover photos of the #Singapore2010 Youth Olympics  http://bit.ly/a7CssJ #olympics,2
Belgian cyclist succeeds without his biggest fans http://bit.ly/bgHq7K  #singapore2010 #olympics,2
Access photos of the #singapore2010 Youth Olympics on #flickr http://bit.ly/9PwAEy #olympics,2
Frédéric Magné rediscovers the atmosphere at #Olympics and takes part in “Chat with Champions” session http://bit.ly/alEWKj #singapore2010,2
Jamaica goes gold in 100m sprint  http://bit.ly/bLNSQU #olympics #singapore2010,2
Athletes Rock the Village http://bit.ly/cMR6YH #singapore2010 #yog,2
Les athlètes mettent de l’animation dans le village !  http://bit.ly/98sy2c #singapour2010,2
An Alpine evening… in Singapore?!  http://bit.ly/bZm57R #singapore2010 #olympics,2
Access highlights of the Singapore 2010 Youth Olympics http://bit.ly/brYswx #singapore2010 #olympics,2
[PRESS RELEASE] Successful Singapore Youth Olympic Games Come to a Close http://bit.ly/d5EgoY #olympics #singapore2010,2
Watch Live the Closing Ceremony of the #singapore2010 Youth Olympics http://bit.ly/aA0oGB 20:00 Singapore time,3
Download photos of the closing ceremony of the #singapore2010 Youth Olympics http://bit.ly/a7CssJ,3
Athletes take centre stage at Closing Ceremony!  http://bit.ly/b7keTP #singapore2010 #olympics,2
Olympic destiny for Olympia http://bit.ly/a9G0Ol #singapore2010 #yog,2
Expert rates YOG the pinnacle of Olympic pin trading http://bit.ly/9w4AT7 #singapore2010 #yog,2
Three Young Reporters will go to London Games http://bit.ly/bK4ouh #olympics #singapore2010 #yog,4
Innsbruck 2012 CEO Peter Bayer on the first YOG http://bit.ly/cTZlev #singapore2010 #yog #innsbruck2012,2
"Wietse van Alten, Athelete Role Model from the Netherlands, looks back at YOG http://bit.ly/aahUNU #singapore2010 #yog",2
"Youth at centre stage of the 7th World Conference on Sport, Education and Culture http://bit.ly/cuoevW #olympics #yog",2
We came. We saw. We reported...  http://bit.ly/chNunN #yog #singapore2010,2
The YOG of Innsbruck 2012 is holding a competition! Take part and you could win a trip to Austria http://bit.ly/9QhPTL #yog #innsbruck2012,3
Youth Olympic Games: Welcome to the Family http://bit.ly/aGfkoQ #yog,2
Up Close and Personal with Frank Fredericks and Yelena Isinbaeva http://bit.ly/9JV11N #yog,2
Singapore 2010 athletes get together in the Olympic capital!  http://bit.ly/c8fOHB  #yog,2
The YOG give athletes opportunities they never had before! http://bit.ly/bVcHk5 #yog #triathlon #whitfield,2
Design the Innsbruck 2012 Mascot! http://bit.ly/dz34a3  #innsbruck2012  #yog,2
Innsbruck 2012 sports pictograms unveiled! http://bit.ly/f1MBDF #yog #innsbruck2012,2
Innsbruck 2012 Mascots - Pick your winner! http://bit.ly/f9uMjk  #innsbruck2012  #yog,3
Innsbruck 2012 mascot competition has a winner! http://bit.ly/fpDgtq  #yog  #innsbruck2012 #olympics,2
YOG Ambassador Bartekova keen on spreading the Olympic values to the world's youth http://bit.ly/dEej8n  #yog  #olympics,2
"El Guerrouj: ""I'm confident in the dreams of young people"" http://bit.ly/e36KJk  #yog",2
"One year to go to the 1st Winter Youth Olympics in Innsbruck, Austria http://bit.ly/dG7tYk  #innsbruck2012  #yog",2
"Roses are red, violets are blue, the Olympics rock and_______________ . #guess #olympics",3
Nanjing 2014 quick off the starting blocks http://bit.ly/dMQTbA  #yog  #nanjing2014  #olympics,2
Youth Olympic Games on the road at FIS ski and snowboard events! http://bit.ly/f8ACaj #yog  #innsbruck2012,2
#ImOldEnough to go to the @Innsbruck2012 Winter Youth Olympic  Games !  http://bit.ly/g28v6n  #yog  #olympics,2
Cool story featuring ?#Singapore2010 Young Ambassador written by ?#Singapore2010 Young Reporter! ?http://www.vancourier.com/Vancouver+swimmer+meets+Duke+Duchess/5048232/story.html … ?#yog ?#youtholympics,1
Countdown is on to the first Winter Youth Olympic Games! ?http://www.olympic.org/content/yog/yog-news-face/yognewscontainer/countdown-is-on-to-the-first-winter-youth-olympic-games/ … ?#innsbruck2012 ?#yog,2
Ask winter Olympic champions your question and it could feature in cool ?#yog video we are filming. Answer ?@youtholympics starting ?#champion,3
Take Yoggl ?#Innsbruck2012 ?#yog mascot on holiday and win a prize! ?http://bit.ly/oZmw5A ,3
Welcome Benni Raich as ?#Innsbruck2012 Winter Youth Olympic Games Ambassador ?http://www.olympic.org/media?articleid=134148 … ?#yog ?#youtholympics,2
Young athletes qualify for ?#innsbruck2012 ?#yog ?http://www.peterboroughtoday.co.uk/news/features_2_17113/peterborough_ice_hockey_teen_s_london_2012_olympics_destiny_1_2875956 …,1
Youth Olympic Games gold medalist wins diving world title ?http://www.olympic.org/content/yog/yog-news-face/yognewscontainer/youth-olympic-games-gold-medalist-wins-diving-world-title/ … ?#yog ?#london2012 ?#youtholympics,2
"?#singapore2010 YOG medalist Chad Le Clos (South Africa, swimming) is OMEGA's new ambassador ?http://www.omegawatches.com/fr/press/press-release-detail/1761 … ?#yog",1
Check out here ?http://bit.ly/pfXsG2  some behind the scenes photos from the shoot with ?@Innsbruck2012 ?#YOG Ambassador Benjamin Raich,3
A cool story written by ?#Singapore2010 Young Reporter featuring  Singapore 2010 ?#yog medalist! ?http://www.olympic.org/content/yog/yog-news-face/yognewscontainer/yog-on-the-road-london-2012-talks-to-rachel-nicol/ … ?#youtholympics,2
Check out cool photos of ?#yog athlete taken by ?#singapore2010 YOG photographer. For more ?http://www.facebook.com/media/set/?set=a.10150277712982708.348961.163533637707&type=1 … ?pic.twitter.com/IA4qxfk,3
2010 ?#YOG Spanish star Carolina Marin is making waves at the World Badminton Championships ?http://fb.me/uzMJH2b1  ?#athletes ?#rock,1
One year on from Singapore 2010 Youth Olympic Games and we are still smiling! ?http://bit.ly/nVELW3  ?#yog ?#olympics,2
"As a YOG Ambassador, RT ?@youtholympics to cheer on all the ?#Singapore2010 athletes. One year on today! See some of you in ?#London2012",3
Three years to go until Nanjing 2014 Youth Olympic Games! ?http://www.olympic.org/content/yog/yog-news-face/yognewscontainer/three-years-to-go-until-nanjing-2014-youth-olympic-games/ … ?#yog ?#youtholympics,2
Hey Yog Fans! Here is a behind the scenes shot of ?@lindseyvonn at the yog ambassador shoot taken today. ?#yog ?pic.twitter.com/pVRj7gO,3
Yog Athletes Rock ?#3words,5(no source)
Closing ceremony: 1 year ago today. Click on Like to remember the ?Singapore2010 Youth Olympic Games! ?#yog ?pic.twitter.com/DYXyQnd?,3
?#Singapore2010 ?#yog gymnasts are training hard to make it to ?@CDNOlympicTeam for the ?#London2012 ?#olympics ?http://www.olympic.org/content/yog/yog-news-face/yognewscontainer/yog-on-the-road-to-london-2012-talks-to-canadian-gymnastic-hopefuls/ …,2
Innsbruck Olympic Sliding Centre ?#innsbruck2012 ?#yog ?pic.twitter.com/BHqahBJ,5(Twitter Photo)
I dream of ?#YOG! ?pic.twitter.com/UURSpkM,5(Twitter Photo)
#YOG athletes keep rocking! ?http://news.bbc.co.uk/sport2/hi/tennis/14876173.stm … ?#youtholympics,1
RT to cheer for ?#yog medallist Jess Fox (AUS) and other athletes training hard to make it to ?#london2012 ?#olympics ?http://www.olympic.org/content/yog/yog-news-face/yognewscontainer/yog-on-the-road-to-london-2012-talks-to-jess-fox/ …,3
Check out the venues of the Innsbuck 2012 Winter Youth Olympic Games ?#yog ?#olympics ?http://www.flickr.com/photos/iocmedia/sets/72157626128217728/ …,3
Check out this cool video featuring ?#innsbruck2012 ?#yog Ambassador Benni Raich ?http://www.olympic.org/content/yog/yog-news-face/yognewscontainer/yog-ambassador-benni-raich-has-got-yog-dna-have-you/ …,3
Some star athletes will take part in the ?#Innsbruck2012  ?#youtholympics! Learn more here ?http://bit.ly/rivCUv ,2
GB's Adam (Pengilly) & Eve (Muirhead) to act as IOC Athlete Role Models at the Innsbruck 2012 Winter Youth Olympics ?http://www.olympic.org/olympic-games?articlenewsgroup=-1&articleid=141248 …,2
#curling ?#wcf Eve Muirhead & Uli Kapp Athlete Role Models for 1st Winter Youth Olympic Games in Innsbruck January 2012 ?http://bit.ly/dcR3Dj ,2
I can't wait 2 b there! The IOC announced the list of Innsbruck 2012 Athlete Role Models 4 inaugural Winter Youth Olympic Games Jan 13-22,5(no source)
"Very excited!""?@CDNOlympicTeam: Wotherspoon and Botterill named role models for Winter Youth Olympic Games in Innsbruck ?http://bit.ly/q625dt ",2
I  ?  ?#yog!,4
Austrian President receives first ticket for ?#Innsbruck2012 ?#yog ?http://www.olympic.org/ioc?articlenewsgroup=-1&articleid=142269 …,2
"Check out this cool video featuring ?@lindseyvonn, ?#innsbruck2012 ?#YOG Ambassador ?http://www.olympic.org/multimedia-player/all-video/2011/09/yog-ambassador-lindsey-vonn-has-got-yog-dna-have-you/ …",3
?@youtholympics - the 100 day countdown to ?#innsbruck2012! I can hardly wait. What are you doing to support the young athletes of our future?,3
?@youtholympics - 100 days 2 go until ?#innsbruck2012! I can't wait to c the world come together 4 sport! (esp. the ice hockey skills comp:),5(no source)
Free tickets to innsbruck 2012 ?http://bit.ly/qMVkRe  ?#Olympics ?#yog,2
I’m so excited to be an Ambassador for the ?@youtholympics for ?@innsbruck2012  “awesome” yog :),5(no source)
Meet the nominees to the first ever Winter Youth Olympic Games - ?http://bit.ly/oIhhL1 .  The ?@youtholympics are Jan. 13-22 in Austria ?#YOG,3
Introducing ?@innsbruck2012 ?#yog Athlete Role Models Alexander Resch and Kerstin Szymkowiak ?http://www.olympic.org/content/yog/yog-news-face/yognewscontainer/introducing-athlete-role-models-alexander-resch-and-kerstin-szymkowiak/ … ?#youtholympics,2
Happy Birthday! ?@lindseyvonn ?#yog ?#ambassador of ?@innsbruck2012 ?#olympics,4
Breaking news! ?#YOG athlete qualifies for ?@London2012 ?#Olympics  ?http://www.olympic.org/content/YOG/YOG-news-face/YogNewsContainer/YOG-athlete-qualifies-for-London-2012-Olympic-Games/ …  ,2
Ambassador ?@lindseyvonn talks ?#YOG ahead of World Cup Opener ?http://www.olympic.org/media?articleid=143458&articlenewsgroup=-1 … ?#youtholympics,2
Yoggl and ?@lindseyvonn hit it off (again) in Austria ?http://www.olympic.org/content/yog/yog-news-face/yognewscontainer/yoggl-and-vonn-hit-it-off-again-in-austria/ … ?#youtholympics ?#yog,2
Congrats to ?#YOG Ambassador ?@lindseyvonn for her first win of the season! ?#youtholympics,5(no source)
Kevin Rolland to suit up as Winter ?#yog Ambassador for ?@innsbruck2012  ?http://bit.ly/ugNvTq   ?#yog ?#awesome,2
Just launched a super cool contest ?#ICOPYU: Tweet your pose and you could win a trip to Innsbruck 2012 ?http://www.olympic.org/content/yog_/innsbruck-2012-/news/newscontainer/icopyu-tweet-your-pose-and-you-could-win-a-trip-to-innsbruck-2012/ … ?#yog,2
Just launched something cool ?http://bit.ly/uSg1JD  mimic an athlete and u could win a trip to the ?@youtholympics ?@innsbruck2012 ?#yog,3
@youtholympics great to see Kevin Rolland as the latest ?#YOG Ambassador! ?#innsbruck2012 ?http://bit.ly/vcH7gT ,2
?http://www.olympic.org/content/yog_/innsbruck-2012-/news/newscontainer/take-part-in-the-innsbruck-2012-virtual-torch-relay-and-win-a-trip-to-athens-to-be-the-first-real-torch-bearer/ … Be a virtual Torch Bearer for Innsbruck 2012 and win a trip to Athens! ?#yog ?#innsbruck2012,3
?@KevinRolland1 ?@youtholympics lovely clip last night on France3 with Kevin and IOC President ?http://bit.ly/uGAcfZ  ?#yog ?#innsbruck2012,2
Copy one of these athletes ?http://bit.ly/tkS0No  and u could win a trip to the ?@youtholympics ?#innsbruck2012 ?#austria ?#olympics,3
Copy one of these athletes ?http://bit.ly/tkS0No  and u could win a trip to ?@innsbruck2012 ?#austria ?#olympics,3
We got ?@Yunaaaa  ?@lindseyvonn goodies!Take part in Icopyu ?http://bit.ly/uSg1JD  and we will ?#randomly give some away! ?pic.twitter.com/uYaFvhwu,3
Introducing ?#innsbruck2012 ?#YOG Young Ambassadors ?http://www.olympic.org/content/yog_/innsbruck-2012-/news/newscontainer/lights-camera-action-introducing-the-yog-young-ambassadors/ … #,2
50 days to go to the ?#innsbruck2012 ?#yog! ?http://www.olympic.org/content/yog_/innsbruck-2012-/news/newscontainer/50-days-to-go-till-innsbruck-2012/ …,2
Jiyoon Lee ?#ICopyYuna ?@Yunaaaa at the Olympic Museum ?#contest to win a trip to ?@innsbruck2012 ?http://bit.ly/sgsN9x  ?#YOG ?pic.twitter.com/iWhAFeIl,2
Craig Summerfield ?#ICopyBolt ?@usainbolt at the Olympic Museum ?#contest to win a trip to ?@innsbruck2012 ?#YOG ?pic.twitter.com/y5D0WDaJ,5(no source)
Roger Milla takes part in ICOPYU ?http://bit.ly/w3vzoJ  ?#ICopyAli ?#SendMe2YOG ?#cool ?pic.twitter.com/cve3g12z,2
Copy one of these athletes ?http://bit.ly/tkS0No  and u could win a trip to ?@innsbruck2012 ?#austria ?#olympics ?#yog,3
“Can u copy me? Tweet your photo here ?http://bit.ly/uSg1JD  and win a trip to ?@youtholympics ?#innsbruck2012 ?#yog”,3
Mónica Lozano from Mexico ?#ICopyComaneci at the Olympic Museum ?http://inv.lv/rQcmgD  ?#contest to win a trip to ?#YOG ?http://bit.ly/tkS0No ,1
Jorge Dueñas ?#ICopyBolt ?@usainbolt at the Olympic Museum ?#contest to win a trip to ?#YOG ?http://bit.ly/tkS0No   ?http://inv.lv/uNgEx1 ,1
Can u copy ?@Shaun_White ? win a trip to ?#innsbruck2012 ?#yog ?#youtholympics enter here ?http://bit.ly/w3vzoJ  ?pic.twitter.com/wztmtO7v,3
Gabriela Ayala ?@gabri_ag ?#ICopyComaneci at the Olympic Museum ?#contest to win a trip to ?#YOG ?http://bit.ly/tkS0No   ?http://inv.lv/utWy1r ,1
#ICopyYuna ?@yunaaaa at the Olympic Museum ?http://inv.lv/t4rMeY  ?@collens ?@katrinagalas ?#contest to win a trip to ?#YOG ?http://bit.ly/tkS0No ,1
Edjane Brulhart ?#ICopyComaneci at the Olympic Museum ?#contest to win a trip to ?#YOG ?http://bit.ly/tkS0No    ?http://inv.lv/tkbocl ,1
Congrats on your performance this past weekend! ?@lindseyvonn ?#yog ?#ambassador ?#innsbruck2012,5(no source)
Consuelo Garcia ?#ICopyComaneci at the Olympic Museum ?#contest to win a trip to ?#YOG ?http://bit.ly/tkS0No   ?http://inv.lv/vpTX6y ,1
Take part in ?#icopyu ?http://bit.ly/uSg1JD  and you could win this cool ?@usainbolt autographed T-shirt ?#yog ?pic.twitter.com/sRqrKbvm,3
Kevin Rolland switches to... basketball ?http://www.olympic.org/content/yog_/innsbruck-2012-/news/newscontainer/kevin-rolland-switches-to-basketball/ … ?#yog,2
Alejandro Marioni ?#ICopyBolt ?@usainbolt at the Olympic Museum ?#contest to win a trip to ?#YOG ?http://bit.ly/tkS0No  ?http://inv.lv/syebaQ ,1
Medals for the ?@Innsbruck2012 ?#youtholympics unveiled! ?http://www.olympic.org/content/yog_/innsbruck-2012-/news/newscontainer/medals-for-the-innsbruck-2012-youth-olympic-games-unveiled/ … ?#yog,2
Claudia de la Garza ?#ICopyComaneci at the Olympic Museum ?http://inv.lv/tPxRRb  ?#contest to win a trip to ?#YOG ?http://bit.ly/tkS0No ,1
"The 2016 Winter Youth Olympic Games go to… Lillehammer, Norway ?#yog",5(no source)
?#ICopyRolland at the Olympic Museum ?http://inv.lv/vQHjQ8  ?@scholm240 Olympic medalist ?#contest to win a trip to ?#YOG ?http://bit.ly/tkS0No ,1
Bandel-Cai Qiong ?#ICopyComaneci at the Olympic Museum ?#contest to win a trip to ?#YOG ?http://bit.ly/tkS0No   ?http://inv.lv/s5pBxY ,1
Free ?@youtholympics tickets up for grabs on Sunday ?http://bit.ly/vx62sY .  Going like hot cakes! ?#innsbruck2012 ?#yog,2
Can u copy ?@Shaun_White ? win a trip to ?#innsbruck2012 ?#yog ?#youtholympics enter here ?http://bit.ly/w3vzoJ  ?pic.twitter.com/1nbsXV91,2
?@TeamGB Athletes Selected for First Winter Youth Olympics ?@innsbruck2012 ?http://ow.ly/7XDnH  ?#Olympics ?#YOG ?#Innsbruck,1
YOG Taekwondo athletes take one step closer to ?@london2012 ?http://bit.ly/uVV18Z  ?#yog ?#olympics,2
Woohoo! ?@yunaaaa ?#ICopyYuna ?#SendMe2YOG ?#yog ?pic.twitter.com/DCApIgNG,4
The torch relay begins for the first ever Winter Youth Olympic Games ?#innsbruck2012 ?#27daystogo ?#yog ?pic.twitter.com/KtjbcL9q,5(Twitter photo)
Press Release: Youth Olympic flame lights up for Innsbruck 2012 ?#yog ?http://www.olympic.org/news?articleid=149248 … ?@innsbruck2012 ?@youtholympics,2
Photos of the lighting ceremony taken in Greece today ?@youtholympics ?http://bit.ly/u8wDjX  for the 1st ever Winter Youth Olympics  ?#yog,2
Mimic an athlete ?http://bit.ly/w3vzoJ  and you could win a trip to ?#innsbruck2012  ?#yog ?#youtholympics,3
Exclusive! ?#YOG Ambassador Kevin Rolland’s ski half-pipe masterclass.  Check out his training tips here ?http://www.olympic.org/content/yog_/innsbruck-2012-/news/newscontainer/yog-ambassador-kevin-rollands-ski-half-pipe-masterclass/ …,3
Woohoo! “Sid the Kid” Crosby becomes a Youth Olympic Games Ambassador! ?http://www.olympic.org/content/yog_/innsbruck-2012-/news/newscontainer/sid-the-kid-crosby-becomes-a-youth-olympic-games-ambassador/ … ?#innsbruck2012 ?#yog,2
Please vote ?http://bit.ly/tpyFLU  for the best ?#icopyu or take part for a chance to win a trip to ?#innsbruck ?#yog ?pic.twitter.com/mz8vza6j,3
You have till 7am tomorrow to get your ?#yog ?#innsbruck2012 ticket! ?http://www.innsbruck2012.com/en/tickets ,3
The YOG Relay started in Innsbruck this morning! One of the first torch bearers  2002 Olympic champion S. Eberharter. ?pic.twitter.com/18XWijBv,5(Twitter photo)
This tweet is for all the YOG athletes that will take part in the ?@innsbruck2012 Winter Youth Olympic Games. Games start on 13 Jan 2012 :-),5(no source)
6 days to the 1st ever Winter Youth Olympics ?#innsbruck2012 ?#yog ?pic.twitter.com/oTNg8rDs,5(Twitter photo)
Youth Olympic Village is open and ?#yog athletes are arriving in Innsbruck. Only 4 days to go to the ?@innsbruck2012 ?#youtholympics!!,5(no source)
Congrats ?@indigochip3 you won the ?#icopyu contest!  ?http://bit.ly/yZE8JY  See you in ?@innsbruck2012  ?#yog,2
Didn't win the contest to ?@innsbruck2012? Don't worry! U now have a chance to win a trip to ?@london2012 ?http://bit.ly/w3vzoJ   ?#yog ?#olympics,3
Yaa! RT ?@karrin21262: ?@AngelaRuggiero My 5 yr old daughter watched the 2010 Olympics & wanted to play hockey.She now plays in a house league,4
2 days to the first ever Winter YOG - Check out this photo taken a few days ago ?@innsbruck2012 ?#yog Go Innsbruck Go! ?pic.twitter.com/2YJYVkRn,3
Introducing your ?@CDNOlympicTeam representing the Maple Leaf ?@youtholympics in ?#innsbruck2012: ?http://bit.ly/w3zbwP ,2
Get a behind the scenes look of the ?@innsbruck2012 Winter Youth Olympics here ?http://bit.ly/yBTAkB  ?#yog ?#olympics,3
If you could ask a question to an athlete of the ?@innsbruck2012 Youth Olympics (which start today) what would that question be? ?#yog,3
The official hashtag of the ?@innsbruck2012 youth olympics is ?#yog,5(no source)
Get ready for a few ?#YOG opening ceremony pictures!,3
The ?#YOG ski jump glows in the dark. ?#getready ?pic.twitter.com/aLXs0iP4,5(Twitter photo)
?#YOG athletes on their way out. ?pic.twitter.com/83cgXoz5,5(Twitter photo)
#YOG athletes of Austria ?pic.twitter.com/hTV4wJsI,5(Twitter photo)
#YOG team Russia watches the ceremony. ?pic.twitter.com/e2AyD2Wj,5(Twitter photo)
The roar of the ?#YOG crowd ?pic.twitter.com/TCdw8W0o,5(Twitter photo)
Arctic glow with modern yodeling at ?#YOG ?pic.twitter.com/V2ePyyJQ,5(Twitter photo)
All the pretty flags for ?#YOG ?pic.twitter.com/yIgcgjfm,5(Twitter photo)
Flag exit for the Austrian dancers ?#YOG ?pic.twitter.com/DjrJ2o9Q,5(Twitter photo)
Primary color group dance ?#YOG ?pic.twitter.com/Tk3cmY5R,5(Twitter photo)
Presentation of the ?@Olympics flag for ?#YOG ?pic.twitter.com/rUDY1ulh,5(Twitter photo)
The platform is ready for the ?#YOG flame ?pic.twitter.com/DmkA2AGG,5(Twitter photo)
And.....it's lit! ?#YOG flame ?pic.twitter.com/H763Pmeg,5(Twitter photo)
Fireworks show by the ?#YOG flame. And that's what I call an opening ceremony! ?pic.twitter.com/I42BlncL,5(Twitter photo)
Let the Games begin ?#yog ?pic.twitter.com/mg59njXA,5(Twitter photo)
If u happen to walk by the Congress Centre visit the Show ur best stand ?http://bit.ly/AlU1HV  ?#winatriptolondon2012 ?#yog ?pic.twitter.com/Nlddhhzq,2
Looking for video highlights of ?@innsbruck2012? Visit our Youtube channel ?http://www.youtube.com/innsbruck2012  Go Innsbruck Go!,3
?#YOGmenshockey Russia Vs. Canada ?http://www.flickr.com/photos/innsbruck2012/6692249369/ …,1
?#YOGwomenshockey Germany gets their game face on: ?http://www.flickr.com/photos/innsbruck2012/6692249561/ …,1
#YOGwomensskijumping was the first event of the morning ?pic.twitter.com/axeAj6eY,5(Twitter photo)
Women Ski Jumping: Takanashi flies as Innsbruck 2012 takes off ?#yog ?http://bit.ly/xAfZ14 ,2
Innsbruck 2012 - access the competition schedule and results here ?http://bit.ly/zFG9Sk  ?#YOG ?pic.twitter.com/cBH94lLI,2
What a show!  Pics of the opening ceremony of the ?@innsbruck2012 Winter Youth Olympics ?http://bit.ly/z7JUQv  ?#yog,2
Awesome moments from 14 Jan 2012 ?http://bit.ly/yWwPiu  ?#yog ?@innsbruck2012,1
Follow the ?@innsbruck2012 Winter Youth Olympics ?http://bit.ly/z4XUwo  on our Youtube channel ?#yog,3
Elisabeth Gram from Austria shows her skills on the way to gold in the freestyle ladies' halfpipe event ?#YOG ?pic.twitter.com/tkWQ0Gw3,5(Twitter photo)
"Pure joy for Anze Lanisek, Slovenia on her ladies' ski jumping performance: ?http://www.flickr.com/photos/innsbruck2012/6696822661/in/set-72157628869576073/lightbox/ … ?#YOG",2
Here's pair nr.5 ?pic.twitter.com/sO4fMjxP Retweeted by Youth Olympic Games ,5(Twitter photo)
?pic.twitter.com/7azF6YM9 Retweeted by Youth Olympic Games ,5(Twitter photo)
?pic.twitter.com/7g1l59Mz,5(Twitter photo)
?pic.twitter.com/d7z6ziAX,5(Twitter photo)
Ready to curl? ?#YOG ?http://www.flickr.com/photos/innsbruck2012/6696820589/in/set-72157628869576073/ …,2
Short program pairs skating team from China: ?#YOG ?http://www.flickr.com/photos/innsbruck2012/6696816223/in/set-72157628869576073/ …,2
No need to say where these ?#YOG athletes are from: ?http://www.flickr.com/photos/innsbruck2012/6696815343/in/set-72157628869576073/ …,2
Team USA practices before the game ?pic.twitter.com/XsczVAeH,5(Twitter photo)
The full crowd watches the action on the ice ?pic.twitter.com/fPsy4UVO Retweeted by Youth Olympic Games ,5(Twitter photo)
Canada scores 4 minutes after the start and now leads 1 - 0. ?#YOGmenshockey,5(no source)
CAN-USA 1:0 // players leave the ice as the first period ends ?pic.twitter.com/4EcHY4HK Retweeted by Youth Olympic Games View photo ,5(Twitter photo)
Canada scores their second and then third goal of the game!,5(no source)
"3 -1 canada leading Hicketts scored, 45 seconds till the end of the 2nd period ?pic.twitter.com/9Vqoe0Rm",5(Twitter photo)
10:00 CAN-USA 3:1 Canada leads in the middle of the third period of the mens ice hockey preliminary game ?#innsbruck2012 Retweeted by Youth Olympic Games ? ,5(no source)
1:39 can-usa 4:1 // Goal for Canada!?Retweeted by Youth Olympic Games ? ,5(no source)
Got them moves like ?@usainbolt at ?#YOG for icopyu.olympic.org ?pic.twitter.com/d5Q07p6F,5(Twitter photo)
GOAL for Canada! Score is 5:1 against Team Usa?Retweeted by Youth Olympic Games ? ,5(no source)
"Game over, Team Canada celebrates their victory in the mens ice hockey preliminary ?#innsbruck2012 ?pic.twitter.com/ZZF4mHelRetweeted by Youth Olympic Games ",5(Twitter photo)
"Men's Freestyle Skiing, Halfpipe ?http://flic.kr/p/bdK9wn ",2
"Figure Skating, Ice Dance, Christine Smith, Simon Eisenbauer (AUT) at the Innsbruck 2012 Winter ?#YOG: ?http://flic.kr/p/bdK4oP ",2
"Snowboarding, Halfpipe, Quincy Korte-King (CAN) ?#YOG ?http://flic.kr/p/bdK9BR ",2
"Freestyle Skiing, Halfpipe: Tyler Harding (GBR) ?#YOG ?http://flic.kr/p/bdK9At ",2
Ice Hockey at the Innsbruck 2012 Winter Youth Olympic Games ?#YOG  ?http://flic.kr/s/aHsjy3NJ2H ,2
Biathlon photos from ?#YOG in Innsbruck : ?http://www.flickr.com/photos/iocmedia/sets/72157628899854519/ …View photo ,2
Hey ?@indigochip3 Can't wait to meet you tomorrow! Here is a message from ?@Yunaaaa just for you ?http://bit.ly/xxGuWq  ?#yog,3
Catch video highlights of the ?@innsbruck2012 1st ever Winter Youth Olympics here ?http://bit.ly/z4XUwo  ?#yog ?#awesome?? ,3
If u happen to be walking by the Congress Centre in Innsbruck visit the icopyu booth U might win a trip to london ?#yog ?pic.twitter.com/ehEmYQrL,5(Twitter photo)
Sweden proves too strong for Austria in Women's Ice Hockey  ?http://bit.ly/wsKF4Y#yog  ,2
Team USA gives each other high fives after the race ?pic.twitter.com/CbMAqsSe Retweeted by Youth Olympic Games ,5(Twitter photo)
Video on demand check out the latest clips from ?@innsbruck2012 ?#yog ?http://www.youtube.com/innsbruck2012  ,2
pic.twitter.com/LocQJl21 Retweeted by Youth Olympic Games View photo ,5(Twitter photo)
Current standings. ?pic.twitter.com/R2AoAQ8x Retweeted by Youth Olympic Games View photo ,5(Twitter photo)
Team SWE ?pic.twitter.com/7IWw2Tws Retweeted by Youth Olympic Games View photo ,5(Twitter photo)
Team CAN ?pic.twitter.com/IkLPVbC8 Retweeted by Youth Olympic Games  View photo ,5(Twitter photo)
?#YOG highlight photos from January 17th: ?http://www.flickr.com/photos/innsbruck2012/sets/72157628917043085/ …View photo ,2
Gold medalist Elizaveta Tuktamisheva from Russia on the ice for Women's Figure Skating at ?#YOG: ?http://www.flickr.com/photos/innsbruck2012/6716811593/in/set-72157628917482219 …,2
Silver medalist Adelina Sotnikova from Russia in the midst of a jump at ?#YOG: ?http://www.flickr.com/photos/innsbruck2012/6716812629/in/set-72157628917482219/ …View photo ,2
Ice dance gold medalists Anna Yanovskaya (L) and Sergey Mozgov from Russia strike a pose at ?#YOG: ?http://www.flickr.com/photos/innsbruck2012/6716807315/in/set-72157628917482219/ …View photo ,2
?#goodluck wishes to Christina Ager of Austria before her parallel team final of ?#YOG alpine skiing: ?http://www.flickr.com/photos/innsbruck2012/6716805063/iNn/set-72157628917482219/ …View photo ,2
Team USA ?#YOG competitors Ty Andersen and Pat Edmunds fly down the luge track: ?http://www.flickr.com/photos/innsbruck2012/6716801209/in/set-72157628917482219/ …,2
Serious speed skating as ?#YOG competitor Leia Behlau (in front) of Germany leads a warm up group: ?http://www.flickr.com/photos/iocmedia/6714316959/in/photostream …View photo ,2
Team USA and Team Russia are currently practicing on the ice ahead of their men's preliminary ice hockey game ?http://twitpic.com/88seuq  Retweeted by Youth Olympic Games View photo ,2
8:13 USA-RUS 0:2 // Team Russia celebrates after winning their second GOAL of the game  ?http://twitpic.com/88sl5z  Retweeted by Youth Olympic Games View photo ,2
Follow all the action of the first ever Winter Youth Olympic Games on Youtube ?http://bit.ly/xUZ8cM  ?#yog View video ,3
woohoo! ?#ICopyAdviento ?#SendMe2London ?#YOG ?pic.twitter.com/ibqQlJFs View photo ,4
The ?#YOG athletes give good face as they ?#icopyu ?@usainbolt ?pic.twitter.com/kUbBWqdi View photo ,5(Twitter photo)
Check out the latest videos from ?@innsbruck2012 ?#yog ?http://bit.ly/zd7EeU View video ,3
Athletes on their last warm up runs... 5 mins to go! ?http://twitpic.com/89fv9l Retweeted by Youth Olympic Games View photo ,2
Croud is looking motivated here! ?http://twitpic.com/89frm9 Retweeted by Youth Olympic Games View photo ,4
game on! Team USA vs team Russia Russia scores 0 - 1  ?#yog?,5(no source)
Goal for Russia!!! scored by Orlov Efor assisted by Nasybullin Eduard und Protapovich Alexander RUS 1:0 USA?Retweeted by Youth Olympic Games ?,5(no source)
Miracle on ice duel... Usa vs Russia semi-final ?@YOG youth olympics ?pic.twitter.com/4kli6RLL Retweeted by Youth Olympic Games View photo ,5(Twitter photo)
2 min left. no goal yet in this period.?Retweeted by Youth Olympic Games ?,5(no source)
Goal for Russia!!! RUS 2:0 USA?Retweeted by Youth Olympic Games ?,5(no source)
Goal for russia RUS 4:0 USA?Retweeted by Youth Olympic Games ?,5(no source)
Goal for usa !!!! Scored by wegerth joe?Retweeted by Youth Olympic Games ?,5(no source)
Goal for usa scored by eichel jack assited by glover jack rus 4:2 usa?Retweeted by Youth Olympic Games ?,5(no source)
"??“?@YOG_Icehockey: And russia wins with 5:2  !!! Congratulation!"" + cheers to all athletes at these awesome Games.??",5(no source)
Game over! Team AUT celebrates in a huddle for their 2:0 win over Germany ?#yog ?http://twitpic.com/89k7dp Retweeted by Youth Olympic Games View photo ,2
Bronze medalist Aristide Begue of team France just after the finish line for ?#YOG Biathalon Mixed Relay: ?http://www.flickr.com/photos/iocmedia/6730063297/in/photostream …View photo ,2
Michael Ciccarelli from Canada competes in ?#YOG slopestyle snowboard in front of a stunning backdrop: ?http://www.flickr.com/photos/iocmedia/6730063173/in/photostream/ …View photo ,2
Miha Hrobat of Slovenia leans in to the turn at ?#YOG Giant Slalom : ?http://www.flickr.com/photos/iocmedia/6730063083/in/photostream/ …View photo ,2
Linn Eriksen of Norway is off to a flying start in ?#YOG cross country skiing : ?http://www.flickr.com/photos/iocmedia/6730062757/in/photostream/ …View photo ,2
Amos Mosaner of Italy shouts during the ?#YOG Mixed Team Curling final against Switzerland : ?http://www.flickr.com/photos/innsbruck2012/6724578593/in/set-72157628936801669/ …View photo ,2
Symmetry as  Lim Hyo Jun(C) of Korea competes during the ?#YOG men's 1000m short track final : ?http://www.flickr.com/photos/innsbruck2012/6724576497/in/set-72157628936801669/ …View photo ,2
Catch all the action of ?@innsbruck2012 on ?http://youtube.com/innsbruck2012  ?#yog,3
Fans jump out of their seats as Team Canada scores their fifth GOAL. Scored by Reid Gardiner  ?http://twitpic.com/89wymp Retweeted by Youth Olympic Games View photo ,2
Play resumes with less than 7 minutes left in the second period  ?http://twitpic.com/89x0fj Retweeted by Youth Olympic Games View photo ,2
Upload your photo here ?#ICopyAdam ?#SendMe2London ?#YOG ?pic.twitter.com/51NmzQId View photo ,3
Penalty for #16 Nick Schmaltz of the UsA  ?http://twitpic.com/89xn6i Retweeted by Youth Olympic Games View photo ,2
A closer look at ?#YOG speed skates : ?http://www.flickr.com/photos/innsbruck2012/6732053787/in/set-72157628956446769/ …View photo ,2
"Happy World Snow Day!! Where are you going to Explore, Enjoy and Experience the Snow today??  :) ?http://fb.me/1oL8ALj8L ?Retweeted by Youth Olympic Games ?",4
pic.twitter.com/T3FDWmdZ Retweeted by Youth Olympic Games View photo ,5(Twitter photo)
Team usa ?pic.twitter.com/gLTUpmOy Retweeted by Youth Olympic Games View photo ,5(Twitter photo)
?Take a peek at our latest video for ?#YOG : ?http://youtube.com/innsbruck2012 ??,3
Some fans from FIN dancing on the stairs ?http://twitpic.com/8abkcg  Retweeted by Youth Olympic Games View photo ,2
Heres team RUS ?http://twitpic.com/8abm12  Retweeted by Youth Olympic Games View photo ,2
Finland on the ice! ?pic.twitter.com/xyDfurIARetweeted by Youth Olympic Games View photo ,5(Twitter photo)
The overtime period is over with no second goal from either team.?Retweeted by Youth Olympic Games ?,5(no source)
GOLD for Finland! Silver for Russia in men's ice hockey ?#innsbruck2012?Retweeted by Youth Olympic Games ?,5(no source)
FIN is celebrating the first place! Well played ?pic.twitter.com/ttolkTtp Retweeted by Youth Olympic Games View photo ,5(Twitter photo)
"FIN, RUS and CAN on the ice for the medal ceremony! ?pic.twitter.com/g7x8YJri Retweeted by Youth Olympic Games View photo ",5(Twitter photo)
Closing ceremony of the ?@innsbruck2012 youth olympics athletes are arriving. ?pic.twitter.com/6W5ZGOeE View photo ,5(Twitter photo)
Hey yog fans! What's your best memory of the ?@innsbruck2012 Winter Youth Olympics? ?#yog?,3
Check out our highlight photo gallery from the ?#YOG : ?https://twitter.com/#!/youtholympics/media/grid …??,3
?http://www.youtube.com/innsbruck2012  The historic ?#yog hockey final Russia vs Finland at the innsbruck2012 ?#youtholympics??,2
"Highlights of ?@Team GB at the Winter Youth Olympics on BBC1 tomorrow at 1pm, check it out!?Retweeted by Youth Olympic Games ?",3
Take part in the I COPY U contest! Now for a chance to win a trip to the ?#london2012 ?#olympics. Learn more here: ?http://icopyu.olympic.org/ ??,3
A really enjoyable watch that ?@youtholympics ?#BritishOlympicDreams special. Defo sensed the creative genius of ?@louismyles in there ;-)?Retweeted by Youth Olympic Games ?,5(no source)
#YOG memories! ?#innsbruck2012 ?pic.twitter.com/k8dIf4Rv View photo ,5(Twitter photo)
?http://youtu.be/Fh70cdrjplU  The Best of Innsbruck 2012! ?#yog View media ,2
Wohoo! ?#YOG gymnasts qualify for ?#london2012 ?#olympics! ?http://www.olympic.org/yog-gymnasts-qualify-for-london-2012 …??,2
One month on from the ?@innsbruck2012 closing ceremony! Who did you cheer for???,3
"Did you know that Nanjing, China, will host the 2nd summer ?#youtholympics? ?http://www.olympic.org/content/yog_/nanjing-2014/news/newscontainer/nanjing-celebrates-a-special-yog-anniversary-/ …??",3
"We will never forget you, Yoggl http://www.youtube.com/watch?feature=player_embedded&v=FYdwkRPndzM … ?#innsbruck2012 ?#yog ",2
?#DidYouReallyJust compete at ?#innsbruck2012 ?#YOG.  RT if so!??,5(no source)
Congratulations to ?#YOG Ambassador ?@yelenaisinbaeva who set a new world indoor record last night!??,5(no source)
Congrats to ?#Singapore2010 ?#YOG medallist Qiu BO from China who took  men's 10 m platform gold at the Diving World Cup!??,5(no source)
Watch out ?#London2012: The class of ?#Singapore2010 is coming! ?http://www.olympic.org/yog-on-road-to-london-2012-gathers-pace …??,3
Where will the 3rd Summer Youth Olympic Games be held? Check out the story here ?http://bit.ly/zcOP1w  to learn more??,3
Did you know that 8 March is International Women’s Day? ?http://www.olympic.org/lets-hear-it-for-the-yog-girls …??,4
Unstoppable Alpine skier ?@lindseyvonn claimed her fourth overall World Cup title today! RT to show your support for the ?#YOG Ambassador!??,3
Congratulations to ?#YOG Ambassador ?@yelenaisinbaeva – back on top as the World Indoor Pole Vault Champion. RT to cheer on Yelena!??,3
"?http://www.olympic.org/yog-on-the-road-to-london-2012-talks-to-chad-le-clos … Taking time out from his busy schedule, the five times ?#YOG medalist chatted to us about life since ?#Singapore2010?? ",2
"Chatting to ?#YOG athlete, Swiss rower Augustin Maillefer today. RT to cheer him on at ?#london2012 ?#olympics ?pic.twitter.com/JV9BuVxw View photo ",5(Twitter photo)
RT to cheer for all the ?#YOG athletes who are going to compete at ?@london2012 ?#olympics ?http://www.olympic.org/content/yog_/singapore-2010-/news/singaporenewscontainer/yog-champion-mohammed-amans-journey-to-london-2012/ …?? ,3
?http://www.olympic.org/content/yog_/nanjing-2014/news/newscontainer/getting-to-know-nanjing-the-2014-youth-olympic-games-host-city/ … Getting to know Nanjing: the 2014 Youth Olympic Games host city ?#yog?? ,2
"Congrats to Danka Bartekova, ?#Singapore2010 ?#YOG Young Ambassador! She qualified and will be shooting at ?@London2012. ?pic.twitter.com/Fw6Eo87R View photo ",5(Twitter photo)
Wohoo! ?#Singapore2010 ?#YOG medallist Ilya Shugarov (RUS) took home a gold as winner of Modern Pentathlon World Cup! ?pic.twitter.com/yQFthGoz  View photo ,5(Twitter photo)
"?http://www.olympic.org/content/yog_/yog-2/news/newscontainer/yog-on-the-road-to-london-2012-visits-auckland-new-zealand/ … ?#YOG on the Road to ?#London2012 visits Auckland, New Zealand?? ",4
My view from the top of the 1994 Lillehammer Olympic ski jump. On site prepping for ?#youtholympics in 2016 ?pic.twitter.com/bBXKLpTi Retweeted by Youth Olympic Games View photo ,5(Twitter photo)
"Watch the lighting ceremony in Olympia,Greece here ?http://bit.ly/Jh1ZH8  live on May 10 from 10.00 CET onwards!  ?#olympics?Retweeted by Youth Olympic Games ? ",3
The Olympic torch relay begins - help us spread the message by  Retweeting this ?#london2012 ?#olympics ?pic.twitter.com/D6p1mC3e Retweeted by Youth Olympic Games View photo ,3
Tidying my room and found all my pin badges from ?@singapore2010 ?@youtholympics :) ?#memories ?pic.twitter.com/NajOVzDb Retweeted by Youth Olympic Games View photo ,5(Twitter photo)
Youth Olympic Games…The Journey Continues  ?http://bit.ly/JdpvYM  ?#yog ?#olympics?? ,2
Follow the YOGgie @LeClos_Swim who has qualified for the ?#London2012 Olympic Games and joined the Athletes' Hub http://hub.olympic.org/home/athlete/1270?name=Chad+Le … Clos?? ,3
It is ?#followfriday! Start following YOGgies ?@JessFoxxx ?@teravb ?@LuguelinSantos ?@swimmersabine who qualified to compete in ?#london2012!?? ,3
Breaking news! 6 new events will be added to the programme in Nanjing 2014 ?http://www.olympic.org/cool-new-events-for-nanjing-2014 … ?#yog?? ,2
stands are going up! got goosebumps thinking they will soon be filled with thousands of people! ?#notlongnow ?#london2012 ?pic.twitter.com/vPkXV33f Retweeted by Youth Olympic Games View photo ,4
"""I'm buzzing"" says Youth Olympic champion ?@jadejonestkd after being named in the ?@TeamGB squad. ""I just can't wait for it to begin now!""?Retweeted by Youth Olympic Games ? ",5(no source)
Youth Olympic Games at the Tower of London ahead of ?#london2012! ?http://www.olympic.org/yog-photographer-sent-to-the-tower-of-london … ?#YOG? ,2
From ?#Singapore2010 to ?#London2012.RT to cheer ?@KatrinaCameron_ ?@AnjelikaReznik and all the athletes @ 51 days to go ?pic.twitter.com/A2A3V3JT View photo ,3
Hey YOG Fans! Who will you cheer for during the ?@London2012 ?@olympics ? ?#yog?? ,3
50 DAYS TO LONDON 2012 AND THE YOG ATHLETES ARE COMING ?http://bit.ly/KRxdas  ?#olympics?? ,2
"Congrats to diver ?@TomDaley1994, ?#Singapore2010 ?#YOG athlete. Selected for ?@TeamGB and heading to ?@London2012?? ",5(no source)
Awesome ?@TeamUSA story about ?#YOG father-son fencing team heading to ?@London 2012: ?http://bit.ly/MhLGdJ ?? ,2
"Watch Olympic legends ?@AngelaRuggiero and Kjetil Aamodt in Lillehammer, Norway, live @ 5pm (local time) ?http://bit.ly/LBE7h5  ?#YOG?? ",4
"?#awesome we have over 100,000 followers. Thank you for loving ?#yog?? ",4
RT to wish good luck to all the ?#YOG athletes who work hard to be the best they can be every day!? ,3
Check out the 3rd chapter of our “Youth Olympic Games… The Journey Continues” series here ?http://www.olympic.org/girl-power-on-the-journey-to-london-2012 … ?#yog ?#london2012?? ,3
"Introducing your ?@London2012 ?#YOG Reporter, Iram Sarwar ?http://www.olympic.org/introducing-your-london-2012-yog-reporter-iram-sarwar … ",2
Congratulations to ?#YOG pole vaulter ?@AngelicaB_PV who is heading to ?@London2012 with Team Sweden!? ,5(no source)
Did you know that the Nanjing 2014 ?#YOG will be the first time rugby has appeared on an Olympic platform? ?http://www.olympic.org/worlds-best-rugby-stars-get-behind-the-youth-olympic-games …?? ,2
What a moment! ?#YOG gold medalist Georgia Howard-Merrill carries the ?#London2012 Olympic Flame. ?pic.twitter.com/0krbxfhh  View photo ,5(Twitter photo)
?#YOG athlete Sergey Morgunov (RUS) is the new World Junior Long Jump Champ. Next stop ?#London2012 ?#thejourneycontinues ?pic.twitter.com/BCocJ3Pq ,5(Twitter photo)
Congrats to new 400m World Junior Champ ?@LuguelinSantos (DOM) ?#YOG athlete. Looking strong for ?#London2012 ?pic.twitter.com/IXgs7XcT View photo ,5(Twitter photo)
Wenlock having a blast with the ?#YOG athletes at IAAF ?#bcn2012org! Checking out the ones to watch at ?#London2012 ?pic.twitter.com/BnD8U0PJ View photo ,5(Twitter photo)
Living legend Wilson Kipketer at ?#bcn2012org to cheer on ?#YOG athletes heading to ?#London2012 ?#thejourneycontinues ?pic.twitter.com/cYe1PyvhView photo ,5(Twitter photo)
Congrats to ?#YOG pole vaulter ?@AngelicaB_PV (SWE). A second World Junior Champ title and record! Next stop ?#London2012 ?pic.twitter.com/MKD70spl View photo ,5(Twitter photo)
7 days to go to ?#london2012 and ?#YOG team are live from IAAF Diamond League in Monaco with ?@yelenaisinbaeva ?pic.twitter.com/6NdEj34R View photo ,5(Twitter photo)
??In 2 hours we will be with ?@yelenaisinbaeva (athletics) she is going to London ask some questions here ?http://goo.gl/YKdYx  ?#askanathlete?Retweeted by Youth Olympic Games ?,4
What is the best thing you saw at the Youth Olympic Games?  ?http://hub.olympic.org/  ?#askanathlete via ?@Olympics ,3
